fiscal_year,date,company_code,OperatingRevenue1SummaryOfBusinessResults,OrdinaryIncomeLossSummaryOfBusinessResults,ProfitLossAttributableToOwnersOfParentSummaryOfBusinessResults,ComprehensiveIncomeSummaryOfBusinessResults,BasicEarningsLossPerShareSummaryOfBusinessResults,RateOfReturnOnEquitySummaryOfBusinessResults,PriceEarningsRatioSummaryOfBusinessResults,NetCashProvidedByUsedInOperatingActivitiesSummaryOfBusinessResults,NetCashProvidedByUsedInInvestingActivitiesSummaryOfBusinessResults,NetCashProvidedByUsedInFinancingActivitiesSummaryOfBusinessResults,NetIncomeLossSummaryOfBusinessResults,DividendPaidPerShareSummaryOfBusinessResults,InterimDividendPaidPerShareSummaryOfBusinessResults,PayoutRatioSummaryOfBusinessResults,OperatingRevenueELE,ElectricUtilityOperatingRevenueELE,OtherBusinessOperatingRevenueELE,OperatingExpensesELE,ElectricUtilityOperatingExpensesELE,OtherBusinessOperatingExpensesELE,OperatingIncome,NonOperatingIncome,DividendsIncomeNOI,InterestIncomeNOI,ForeignExchangeGainsNOI,EquityInEarningsOfAffiliatesNOI,GainOnChangeInEquityNOI,OtherNOI,NonOperatingExpenses,InterestExpensesNOE,EquityInLossesOfAffiliatesNOE,OtherNOE,OrdinaryRevenueELE,OrdinaryExpensesELE,OrdinaryIncome,ProvisionOrReversalOfReserveForFluctuationInWaterLevelsELE,ProvisionOfReserveForFluctuationInWaterLevelsELE,ExtraordinaryIncome,ReversalOfProvisionForLossInConjunctionWithDiscontinuedOperationsOfNuclearPowerPlantsEl,SolutionReceivedEI,IncomeBeforeIncomeTaxes,IncomeTaxesCurrent,IncomeTaxesDeferred,IncomeTaxes,ProfitLoss,ProfitLossAttributableToNonControllingInterests,ProfitLossAttributableToOwnersOfParent,ValuationDifferenceOnAvailableForSaleSecuritiesNetOfTaxOCI,DeferredGainsOrLossesOnHedgesNetOfTaxOCI,ForeignCurrencyTranslationAdjustmentNetOfTaxOCI,RemeasurementsOfDefinedBenefitPlansNetOfTaxOCI,ShareOfOtherComprehensiveIncomeOfAssociatesAccountedForUsingEquityMethodOCI,OtherComprehensiveIncome,ComprehensiveIncome,ComprehensiveIncomeAttributableToOwnersOfTheParent,ComprehensiveIncomeAttributableToNonControllingInterests,PurchaseOfTreasuryStock,DisposalOfTreasuryStock,ChangeOfScopeOfConsolidation,TotalChangesOfItemsDuringThePeriod,NetChangesOfItemsOtherThanShareholdersEquity,DividendsFromSurplus,ChangeInTreasurySharesOfParentArisingFromTransactionsWithNonControllingShareholders,CapitalIncreaseOfConsolidatedSubsidiaries,DepreciationAndAmortizationOpeCF,DecommissioningCostsOfNuclearPowerUnitsOpeCFELE,LossOnRetirementOfNoncurrentAssetsOpeCF,IncreaseDecreaseInNetDefinedBenefitLiabilityAndAssetOpeCF,IncreaseDecreaseInProvisionForReprocessingOfIrradiatedNuclearFuelOpeCFELE,IncreaseDecreaseInProvisionForOtherReprocessingOfIrradiatedNuclearFuelOpeCFELE,IncreaseDecreaseInProvisionForLossInConjunctionWithDiscontinuedOperationsOfNuclearPowerPlantsOpeCFELE,IncreaseDecreaseInReserveForFluctuationInWaterLevelsOpeCFELE,InterestAndDividendsIncomeOpeCF,InterestExpensesOpeCF,SolutionReceivedOpeCF,DecreaseIncreaseInReserveFundForReprocessingOfIrradiatedNuclearFuelOpeCFELE,DecreaseIncreaseInNotesAndAccountsReceivableTradeOpeCF,DecreaseIncreaseInInventoriesOpeCF,IncreaseDecreaseInNotesAndAccountsPayableTradeOpeCF,OtherNetOpeCF,SubtotalOpeCF,InterestAndDividendsIncomeReceivedOpeCFInvCF,InterestExpensesPaidOpeCFFinCF,SolutionPackageReceivedOpeCF,IncomeTaxesPaidOpeCF,NetCashProvidedByUsedInOperatingActivities,PurchaseOfNoncurrentAssetsInvCF,PaymentsOfInvestmentAndLoansReceivableInvCF,CollectionOfInvestmentAndLoansReceivableInvCF,PurchaseOfInvestmentsInSubsidiariesResultingInChangeInScopeOfConsolidationInvCF,ProceedsFromPurchaseOfInvestmentsInSubsidiariesResultingInChangeInScopeOfConsolidationInvCF,ProceedsFromSalesOfInvestmentsInSubsidiariesResultingInChangeInScopeOfConsolidationInvCF,OtherNetInvCF,NetCashProvidedByUsedInInvestmentActivities,ProceedsFromIssuanceOfBondsFinCF,RedemptionOfBondsFinCF,ProceedsFromLongTermLoansPayableFinCF,RepaymentOfLongTermLoansPayableFinCF,IncreaseInShortTermLoansPayableFinCF,DecreaseInShortTermLoansPayableFinCF,PurchaseOfTreasuryStockFinCF,CashDividendsPaidFinCF,DividendsPaidToNonControllingInterestsFinCF,OtherNetFinCF,NetCashProvidedByUsedInFinancingActivities,EffectOfExchangeRateChangeOnCashAndCashEquivalents,NetIncreaseDecreaseInCashAndCashEquivalents,IncreaseDecreaseInCashAndCashEquivalentsResultingFromChangeOfScopeOfConsolidationCCE,SalariesAndAllowancesElectricUtilityOperatingExpenses,SalariesAndAllowancesElectricUtilityOparatingExpensesSGA,RetirementBenefitExpensesElectricUtilityOperatingExpenses,RetirementBenefitExpensesElectricUtilityOparatingExpensesSGA,FuelExpensesElectricUtilityOperatingExpenses,RepairExpensesElectricUtilityOperatingExpenses,RepairExpensesElectricUtilityOparatingExpensesSGA,ConsignmemtExpensesElectricUtilityOperatingExpenses,ConsignmemtExpensesElectricUtilityOparatingExpensesSGA,DepreciationElectricUtilityOperatingExpenses,DepreciationElectricUtilityOparatingExpensesSGA,OtherElectricUtilityOperatingExpenses,OtherElectricUtilityOparatingExpensesSGA,SubtotalElectricUtilityOperatingExpenses,SellingGeneralAndAdministrativeExpensesElectricUtilityOperatingExpenses,InternalTransactionCancellationElectricUtilityOperatingExpenses,ElectricUtilityOperatingExpenses,WriteDownsOfInventories,RevenuesFromExternalCustomers,TransactionsWithOtherSegments,OperatingRevenue1,DepreciationSegmentInformation,IncreaseInPropertyPlantAndEquipmentAndIntangibleAssets,ResidentialORElectricELE,CommercialAndIndustrialORElectricELE,SoldPowerToOtherUtilitiesORElectricELE,SoldPowerToOtherSuppliersORElectricELE,TransmissionRevenueORElectricELE,SettlementRevenueAmongUtilitiesORElectricELE,GrantUnderActOnPurchaseOfRenewableEnergySourcedElectricityORElectricELE,OtherElectricityRevenueORElectricELE,RevenueFromLoanedFacilitiesORElectricELE,IncidentalBusinessOperatingRevenueELE,OperatingRevenueGasSupplyBusinessORIncidentalELE,OperatingRevenueOtherBusinessesORIncidentalELE,HydroelectricPowerProductionExpensesELE,ThermalPowerProductionExpensesOEElectricELE,NuclearPowerProductionExpensesELE,InternalCombustionEnginePowerProductionExpensesOEElectricELE,RenewablePowerProductionExpensesOEElectricELE,PurchasedPowerFromOtherUtilitiesOEElectricELE,PurchasedPowerFromOtherSuppliersOEElectricELE,TransmissionExpensesOEElectricELE,TransformationExpensesOEElectricELE,DistributionExpensesOEElectricELE,SellingExpensesOEElectricELE,CostOfLoanedFacilitiesOEElectricELE,GeneralAndAdministrativeExpensesOEElectricELE,LevyUnderActOnPurchaseOfRenewableEnergySourcedElectricityOEElectricELE,ElectricPowerDevelopmentPromotionTaxOEElectricELE,EnterpriseTaxOEElectricELE,TransferredCostOfElectricityForConstructionAndIncidentalBusinessOEElectricELE,IncidentalBusinessOperatingExpensesELE,OperatingExpensesGasSupplyBusinessOEElectricELE,OperatingExpensesOtherBusinessesOEIncidentalELE,FinancialRevenueNORELE,NonOperatingRevenueNORELE,GainOnSalesOfNoncurrentAssetsNOIELE,MiscellaneousRevenueNORELE,FinancialExpensesNOEELE,BondIssuanceCostNOE,NonOperatingExpensesNOEELE,LossOnSalesOfNoncurrentAssetsNOEELE,MiscellaneousExpensesNOEELE,ProvisionOfReserveForOverseasInvestmentLoss,IncreaseOfReserveDueToTheChangeOfEffectiveTaxRate,ReversalOfReserveForOverseasInvestmentLoss,ProvisionOfReserveForSpecialDisasterELE,ReversalOfReserveForFluctuationInWaterLevelsELE,GainOnChangeInEquityEI,GainOnChangeInEquityOpeCF,PaymentsOfContributionForAccruedReprocessingOfIrradiatedNuclearFuelOpeCFELE,PowerPurchaseExpensesPaidToOtherSuppliersElectricUtilityOperatingExpenses,ExpensesForThirdPartysPowerTransmissionServiceOEElectricELE,ExpensesIncurredByContractsToBearBackEndCostsRelatedToPastYearsPowerGenerationOEElectricELE,LossOnValuationOfSecuritiesNOE,ExtraordinaryLoss,ImpairmentLossEL,ImpairmentLossOpeCF,ProceedsFromShareIssuanceToNonControllingShareholdersFinCF,ReversalOfReserveForSpecialDisasterELE,ResearchAndDevelopmentExpensesResearchAndDevelopmentActivities,CapitalExpendituresOverviewOfCapitalExpendituresEtc,AuditFeesReportingCompany,NonAuditFeesReportingCompany,AuditFeesConsolidatedSubsidiaries,NonAuditFeesConsolidatedSubsidiaries,AuditFeesTotal,NonAuditFeesTotal,TotalAmountOfRemunerationEtcRemunerationEtcByCategoryOfDirectorsAndOtherOfficers,MonthlyCompensationsMonthlyRemunerationEtcByCategoryOfDirectorsAndOtherOfficers,PerformanceLinkedBonusesPerformanceLinkedRemunerationEtcByCategoryOfDirectorsAndOtherOfficers,NumberOfDirectorsAndOtherOfficersRemunerationEtcByCategoryOfDirectorsAndOtherOfficers,TotalAcquisitionCostForIncreasedSharesEquitySecuritiesNotListedInvestmentEquitySecuritiesHeldForPurposesOtherThanPureInvestmentReportingCompany,TotalSalesAmountForDecreasedSharesEquitySecuritiesNotListedInvestmentEquitySecuritiesHeldForPurposesOtherThanPureInvestmentReportingCompany,TotalSalesAmountForDecreasedSharesEquitySecuritiesOtherThanThoseNotListedInvestmentEquitySecuritiesHeldForPurposesOtherThanPureInvestmentReportingCompany,ImpairmentLossNOE,ProceedsFromIssuanceOfCommercialPapersFinCF,RedemptionOfCommercialPapersFinCF,PerformanceBasedStockRemunerationRemunerationEtcByCategoryOfDirectorsAndOtherOfficers,NumberOfIssuesWhoseNumberOfSharesIncreasedSharesNotListedInvestmentSharesHeldForPurposesOtherThanPureInvestmentReportingCompany,TotalAcquisitionCostForIncreasedSharesSharesNotListedInvestmentSharesHeldForPurposesOtherThanPureInvestmentReportingCompany,NumberOfIssuesWhoseNumberOfSharesDecreasedSharesNotListedInvestmentSharesHeldForPurposesOtherThanPureInvestmentReportingCompany,TotalSaleAmountForDecreasedSharesSharesNotListedInvestmentSharesHeldForPurposesOtherThanPureInvestmentReportingCompany,NumberOfIssuesWhoseNumberOfSharesDecreasedSharesOtherThanThoseNotListedInvestmentSharesHeldForPurposesOtherThanPureInvestmentReportingCompany,TotalSaleAmountForDecreasedSharesSharesOtherThanThoseNotListedInvestmentSharesHeldForPurposesOtherThanPureInvestmentReportingCompany,EquityInEarningsLossesOfAffiliatesOpeCF,EquityInEarningsLossesOfAffiliates,InvestmentsInEntitiesAccountedForUsingEquityMethod,PerformanceLinkedShareAwardsRemunerationEtcByCategoryOfDirectorsAndOtherOfficers,CONSIGNMENTCHARGECALCULATION,FuelExpensesElectricUtilityOparatingExpensesSGA,RevenueFromContractsToRecoverBackEndCostsRelatedToPastYearsPowerGenerationORElectricELE,RevenueEquivalentToContributionForNuclearDamageCompensation,OperatingRevenueOverseasEnergyIncidentalBusinessOperatingRevenue,WorkingExpensesOverseasEnergy,LossOnValuationOfSecuritiesEL,NumberOfIssuesWhoseNumberOfSharesIncreasedSharesOtherThanThoseNotListedInvestmentSharesHeldForPurposesOtherThanPureInvestmentReportingCompany,TotalAcquisitionCostForIncreasedSharesSharesOtherThanThoseNotListedInvestmentSharesHeldForPurposesOtherThanPureInvestmentReportingCompany,GainOnReturnOfImbalanceChargeNOI,LossOnReturnOfImbalanceChargeEL,LossOnReturnOfImbalanceChargeOpeCF,DecreaseIncreaseInTradeReceivablesAndContractAssetsOpeCF,OperatingRevenueOverseasEnergy,OperatingRevenueRegionalServiceIncidentalBusinessOperatingRevenue,WorkingExpensesRegionalServiceIncidentalBusinessOperatingExpenses,DilutedEarningsPerShareSummaryOfBusinessResults,GainOnSalesOfSecuritiesEI,LossOnAntiMonopolyActEL,GainOnSaleOfSecuritiesOpeCF,LossRelatedToTheAntimonopolyActOpeCF,IncomeTaxesPaidRefundOpeCF,NonAuditFeesReportingCompanyNetworkFirms,AuditFeesConsolidatedSubsidiariesNetworkFirms,AuditFeesTotalNetworkFirms,NonAuditFeesTotalNetworkFirms,DecreaseIncreaseInAccountsReceivableTradeAndContractAssetsOpeCF,PaymentsRelatedToAntiMonopolyActOpeCF,RenewablePowerProductionAndRelatedExpensesElectricUtilityOperatingExpenses,NonAuditFeesConsolidatedSubsidiariesNetworkFirms,ShareAwardsRemunerationEtcByCategoryOfDirectorsAndOtherOfficers,ChangeOfScopeOfEquityMethod,LossOnValuationOfInvestmentSecuritiesOpeCF,IncreaseDecreaseInContributionPayableForNuclearReactorDecommissioningOpeCF,IncreaseDecreaseInAssetRetirementObligationsOpeCF,PaymentsForSalesOfInvestmentsInSubsidiariesResultingInChangeInScopeOfConsolidationInvCF,DecreaseByCorporateDivision
2015,2016-03-31,E04502,2648337.0,233692.0,169745.0,144929.0,224.15,0.121,39.69,562411.0,-307995.0,-312120.0,157208.0,60.0,30.0,0.277,2648337.0,2572453.0,283083.0,2383098.0,2317376.0,260731.0,265239.0,13899.0,3790.0,4112.0,1754.0,1266.0,4177.0,6654.0,45446.0,36947.0,2918.0,8026.0,2662237.0,2428545.0,233692.0,12217.0,12217.0,10811.0,10811.0,28427.0,232286.0,32289.0,42787.0,75077.0,157208.0,2285.0,169745.0,-2028.0,-3064.0,-8997.0,-14817.0,1806.0,-27101.0,144929.0,146291.0,-1361.0,-140.0,6.0,-14.0,137368.0,-4557.0,-15147.0,6.0,1.0,257063.0,6198.0,12279.0,-11850.0,-14824.0,640.0,-10811.0,12217.0,-6359.0,37752.0,-28427.0,15008.0,13697.0,50528.0,-36839.0,27390.0,606296.0,10571.0,-39153.0,28427.0,-15303.0,562411.0,-283648.0,-71632.0,39769.0,-4059.0,29.0,29.0,11575.0,-307995.0,59794.0,-172050.0,89281.0,-275980.0,375470.0,-370167.0,-146.0,-15147.0,-543.0,-2631.0,-312120.0,-917.0,-58621.0,-7075.0,132946.0,57875.0,13687.0,13687.0,805625.0,200961.0,4840.0,97140.0,38401.0,239356.0,11316.0,535166.0,63548.0,2317376.0,189670.0,-9054.0,2308321.0,32967.0,2854044.0,-317702.0,2854044.0,257063.0,288371.0,796645.0,1541213.0,16836.0,28056.0,16507.0,1611.0,146580.0,24674.0,327.0,75884.0,72885.0,2998.0,51486.0,1040040.0,102564.0,21.0,1362.0,22684.0,292816.0,104258.0,70841.0,206072.0,71493.0,32.0,118176.0,161042.0,46720.0,27813.0,-50.0,65722.0,62679.0,3042.0,7903.0,5996.0,191.0,4050.0,37152.0,204.0,8294.0,147.0,8147.0,-1534.0,-198.0,204.0,0.0,,,,,,,,,,,,,,,,,,,,,,,,,,,,,,,,,,,,,,,,,,,,,,,,,,,,,,,,,,,,,,,,,,,,,,,,,,,,,,,
2016,2017-03-31,E04502,2389719.0,99122.0,114665.0,111140.0,224.15,0.121,39.69,335063.0,-360232.0,21069.0,72014.0,50.0,25.0,0.315,2389719.0,2343597.0,262745.0,2272473.0,2231778.0,247446.0,117245.0,13060.0,4616.0,1027.0,1447.0,6169.0,4177.0,8946.0,31183.0,27634.0,2918.0,4690.0,2402779.0,2303656.0,99122.0,-381.0,12217.0,10811.0,10811.0,,99503.0,14469.0,13019.0,27489.0,72014.0,2261.0,114665.0,1356.0,2258.0,-11585.0,-13725.0,15908.0,-5787.0,111140.0,108129.0,3010.0,-88.0,3.0,,52319.0,3110.0,-22719.0,8.0,1.0,255692.0,4684.0,11325.0,-28894.0,-8507.0,333.0,-1276.0,-381.0,-3337.0,28723.0,,12986.0,-1140.0,5664.0,-25748.0,54438.0,409342.0,6596.0,-29488.0,,-51387.0,335063.0,-322307.0,-64413.0,10678.0,-4059.0,,,15810.0,-360232.0,209274.0,-124500.0,198400.0,-241917.0,386077.0,-378770.0,-125.0,-22684.0,-673.0,-4011.0,21069.0,14.0,-4084.0,-26352.0,132763.0,52753.0,7804.0,7804.0,614568.0,204676.0,4816.0,125610.0,41294.0,236289.0,11367.0,341250.0,58918.0,2231778.0,176955.0,-12131.0,2219646.0,16287.0,2603537.0,-2278416.0,2603537.0,255692.0,345688.0,725410.0,1302219.0,7831.0,47586.0,29686.0,818.0,203445.0,26270.0,327.0,46121.0,43498.0,2622.0,52104.0,805333.0,143566.0,19.0,1762.0,10356.0,335571.0,97567.0,74709.0,224839.0,62568.0,33.0,114387.0,233443.0,47536.0,23755.0,-111.0,40695.0,39097.0,1598.0,5643.0,7416.0,474.0,5495.0,28360.0,725.0,2823.0,663.0,2160.0,-1534.0,,8786.0,0.0,-381.0,30292.0,-30292.0,-17084.0,335370.0,3385.0,948.0,,,,,,,,,,,,,,,,,,,,,,,,,,,,,,,,,,,,,,,,,,,,,,,,,,,,,,,,,,,,,,,,,,,,,,,,
2017,2018-03-31,E04502,2597164.0,91899.0,74372.0,71523.0,224.15,0.121,39.69,424159.0,-344467.0,-88670.0,48535.0,35.0,15.0,0.546,2597164.0,2542966.0,315070.0,2482456.0,2429835.0,301689.0,114708.0,10807.0,5806.0,180.0,,18836.0,,6455.0,33616.0,25109.0,,5397.0,2607971.0,2516072.0,91899.0,-19.0,,30292.0,,,69607.0,25551.0,-4479.0,21072.0,48535.0,2380.0,74372.0,-682.0,481.0,1456.0,-2229.0,-4256.0,-5229.0,71523.0,67868.0,3654.0,-707.0,21.0,,24454.0,-675.0,-22717.0,10.0,,267828.0,4600.0,16181.0,-7804.0,-8507.0,333.0,-364.0,-19.0,-2602.0,26464.0,,12986.0,-51199.0,-6055.0,23685.0,58828.0,458095.0,5722.0,-26909.0,,-12749.0,424159.0,-324582.0,-48723.0,12201.0,,50.0,,16586.0,-344467.0,79718.0,-40000.0,83700.0,-218217.0,400149.0,-384769.0,-696.0,-22681.0,-848.0,-4448.0,-88670.0,-87.0,-9065.0,-26352.0,130933.0,52635.0,14834.0,14834.0,713618.0,,,99794.0,41504.0,247412.0,11524.0,552566.0,57588.0,2429835.0,178085.0,-14719.0,2415115.0,7639.0,2853309.0,-2329037.0,2853309.0,267828.0,343743.0,769044.0,1376284.0,9188.0,70781.0,60314.0,1343.0,227348.0,28332.0,327.0,54197.0,52787.0,1410.0,47560.0,928450.0,123425.0,29.0,1804.0,10286.0,394150.0,97399.0,69172.0,218611.0,59798.0,33.0,118287.0,276729.0,48716.0,24936.0,-105.0,52620.0,51341.0,1279.0,5986.0,4820.0,176.0,4644.0,25391.0,281.0,8224.0,103.0,8121.0,,,3.0,,-19.0,30292.0,-30292.0,-17084.0,393946.0,9598.0,948.0,4005.0,22310.0,22310.0,23356.0,19423.0,-0.0,,,,,,,,,,,,,,,,,,,,,,,,,,,,,,,,,,,,,,,,,,,,,,,,,,,,,,,,,,,,,,,,,,
2018,2019-03-31,E04502,2743024.0,89033.0,79422.0,84509.0,224.15,0.121,39.69,296406.0,-368361.0,337260.0,66024.0,45.0,20.0,0.546,2743024.0,2667663.0,383397.0,2637467.0,2564223.0,369532.0,105556.0,14788.0,8339.0,151.0,,9560.0,,9527.0,31312.0,22449.0,,7490.0,2757812.0,2668779.0,89033.0,-19.0,,,,,89033.0,21054.0,1954.0,23008.0,66024.0,3504.0,79422.0,-3315.0,1679.0,-168.0,4909.0,-1522.0,1582.0,84509.0,79147.0,5361.0,-121.0,3.0,,34959.0,-676.0,-30270.0,-6.0,,256465.0,8371.0,10447.0,-878.0,,,-1036.0,-19.0,-3171.0,24024.0,,,-50312.0,-16002.0,615.0,7945.0,353138.0,10502.0,-24551.0,,-42682.0,296406.0,-350624.0,-39434.0,9699.0,-2653.0,185.0,,14466.0,-368361.0,33940.0,-60000.0,59625.0,-212402.0,946160.0,-391555.0,-122.0,-30193.0,-3936.0,-4254.0,337260.0,-133.0,265171.0,,132037.0,52158.0,22349.0,22349.0,814314.0,,,83257.0,35947.0,,,758197.0,74551.0,2564223.0,185006.0,-24598.0,2539625.0,6.0,3035082.0,-2314331.0,3035082.0,256465.0,327120.0,770478.0,1426677.0,8281.0,101026.0,86101.0,1888.0,245226.0,27654.0,328.0,75360.0,70744.0,4615.0,47309.0,1002164.0,96987.0,23.0,1179.0,10057.0,458561.0,94984.0,68443.0,212085.0,62137.0,32.0,122868.0,295711.0,48647.0,25598.0,-27.0,73243.0,72160.0,1082.0,8490.0,6297.0,140.0,6156.0,22508.0,59.0,8803.0,96.0,8706.0,,,3.0,,-19.0,,,,458354.0,16507.0,948.0,,22310.0,22310.0,3739.0,,-0.0,3114.0,84673.0,130.0,0.0,140.0,3.0,270.0,4.0,58.0,58.0,183.0,13.0,3535.0,17.0,437.0,3739.0,434000.0,-434000.0,,,,,,,,,,,,,,,,,,,,,,,,,,,,,,,,,,,,,,,,,,,,,,,,
2019,2020-03-31,E04502,2719087.0,98162.0,163472.0,158852.0,224.15,0.121,23.45,255896.0,-647622.0,-5851.0,62168.0,50.0,25.0,0.608,2719087.0,2643130.0,435726.0,2610730.0,2534961.0,419836.0,108357.0,12515.0,8677.0,129.0,,77106.0,,7842.0,22709.0,19338.0,,4581.0,2731602.0,2633440.0,98162.0,,,19092.0,,,98162.0,19044.0,16950.0,35994.0,62168.0,4248.0,163472.0,1389.0,2245.0,19.0,3293.0,-15815.0,-8867.0,158852.0,154189.0,4663.0,-470.0,4.0,,27594.0,3728.0,-37835.0,9.0,,178171.0,9067.0,6688.0,-3066.0,,,-192.0,,-2914.0,22309.0,,,37391.0,-14724.0,59144.0,-111341.0,295231.0,6707.0,-23129.0,,-22913.0,255896.0,-230985.0,-450446.0,15163.0,-2653.0,185.0,,18646.0,-647622.0,169429.0,-100000.0,105315.0,-176528.0,305862.0,-357562.0,-468.0,-37747.0,-2525.0,-7624.0,-5851.0,10.0,-397567.0,-4916.0,116790.0,51224.0,22671.0,22671.0,576.0,,,67161.0,37359.0,,,574749.0,77550.0,2534961.0,188805.0,-19674.0,2515286.0,,3065954.0,-1116188.0,3065954.0,178171.0,242646.0,733053.0,1414391.0,7361.0,77971.0,100575.0,1935.0,280273.0,27479.0,88.0,75956.0,73547.0,2408.0,46724.0,1002164.0,87779.0,33.0,2896.0,7601.0,1454995.0,90518.0,65138.0,205898.0,61360.0,13.0,127445.0,298545.0,47647.0,12330.0,-82.0,75768.0,74705.0,1063.0,8807.0,3707.0,283.0,3423.0,19908.0,570.0,2801.0,194.0,2607.0,,,3.0,,,19092.0,-19092.0,,1454466.0,25164.0,948.0,,,,,,12.0,4077.0,115471.0,104.0,0.0,140.0,2.0,245.0,2.0,69.0,69.0,130.0,10.0,,,,,349000.0,-253000.0,57.0,9.0,1102.0,3.0,35.0,2.0,1637.0,-77106.0,77106.0,1229987.0,,,,,,,,,,,,,,,,,,,,,,,,,,,,,,,,,,,,,,
2020,2021-03-31,E04502,239615.0,30650.0,147202.0,180666.0,216.11,0.089,79.48,384148.0,-215813.0,-141121.0,13560.0,50.0,25.0,2.789,239615.0,238027.0,437339.0,224834.0,223813.0,416577.0,14781.0,34861.0,21682.0,10883.0,,62048.0,,5912.0,18992.0,16658.0,,4757.0,274477.0,243826.0,30650.0,-98.0,,19092.0,,,21443.0,28.0,7854.0,7882.0,13560.0,4007.0,147202.0,8154.0,615.0,-964.0,10011.0,11638.0,29455.0,180666.0,174838.0,5828.0,-227.0,3.0,,-17886.0,6611.0,-37834.0,-6.0,,182663.0,9306.0,7244.0,-12776.0,,,-25.0,-98.0,-2667.0,19355.0,,,538.0,-5080.0,7739.0,82594.0,419053.0,20997.0,-20015.0,,-35887.0,384148.0,-211936.0,-32391.0,12161.0,-944.0,294.0,,17003.0,-215813.0,59829.0,-60000.0,226935.0,-228257.0,285342.0,-299462.0,-227.0,-37767.0,-2508.0,-9004.0,-141121.0,119.0,27332.0,-4916.0,115721.0,50412.0,19061.0,19061.0,94050.0,,,1543912.0,37359.0,,,603637.0,113702.0,3213788.0,242055.0,-840650.0,2373137.0,,2935409.0,-1056231.0,2935409.0,182663.0,255953.0,733053.0,1414391.0,7361.0,170155.0,100575.0,1935.0,280273.0,61112.0,88.0,1588.0,73547.0,135.0,48088.0,,80338.0,33.0,9416.0,7601.0,15109.0,90518.0,65138.0,205898.0,61360.0,13.0,67555.0,298545.0,47647.0,2559.0,-82.0,1021.0,74705.0,176.0,32566.0,2295.0,5.0,2290.0,16828.0,170.0,2164.0,14.0,2149.0,,,3.0,,-98.0,19092.0,-19092.0,,1454466.0,744.0,948.0,,9207.0,,,,12.0,1542.0,96767.0,89.0,,207.0,1.0,296.0,1.0,72.0,72.0,89.0,10.0,,,,,271000.0,-347000.0,,2.0,241.0,18.0,41.0,2.0,402.0,-62048.0,62048.0,1300960.0,36.0,554439.0,58879.0,4449.0,2310.0,1453.0,844.0,9207.0,,,,,,,,,,,,,,,,,,,,,,,,,,,,,,
2021,2022-03-31,E04502,232513.0,86083.0,-43022.0,26230.0,216.11,0.089,79.48,21688.0,-262021.0,266403.0,82666.0,50.0,25.0,2.789,232513.0,230861.0,524230.0,221332.0,219826.0,504009.0,11180.0,91567.0,79432.0,9454.0,,5444.0,,9756.0,16664.0,14553.0,,9091.0,324080.0,237996.0,86083.0,-20357.0,,,,,86083.0,-762.0,4178.0,3416.0,82666.0,2872.0,-43022.0,1438.0,1037.0,562.0,-4854.0,68197.0,66381.0,26230.0,22949.0,3281.0,-39.0,2.0,,46731.0,1934.0,-37833.0,-16.0,,189154.0,9725.0,6126.0,-5674.0,,,-25.0,-20357.0,-3220.0,18987.0,,,,-27866.0,84243.0,-94122.0,84668.0,25550.0,-19208.0,,-69320.0,21688.0,-232153.0,-63533.0,10814.0,-24575.0,22353.0,,25072.0,-262021.0,154622.0,-5610.0,345583.0,-240857.0,309024.0,-299591.0,-39.0,-37758.0,-3923.0,-14046.0,266403.0,176.0,26247.0,,113725.0,49694.0,14859.0,14859.0,,,,100003.0,62282.0,,,671364.0,112690.0,3067941.0,239526.0,-812957.0,2254983.0,,2705162.0,-1054385.0,2705162.0,189154.0,228533.0,,,,171364.0,,,,54617.0,0.0,1651.0,,,47720.0,,83993.0,,9914.0,,14227.0,,,,,0.0,60486.0,282964.0,,2425.0,,1505.0,,,88886.0,2680.0,267.0,2413.0,15028.0,475.0,1635.0,51.0,1583.0,,,,,-20357.0,,,,1642474.0,1059.0,,,9207.0,,,,,2217.0,95206.0,94.0,,208.0,2.0,303.0,2.0,82.0,82.0,39.0,7.0,,,,,397000.0,-338000.0,,2.0,309.0,2.0,0.0,1.0,287.0,-5444.0,5444.0,1384508.0,17.0,525513.0,,4449.0,4878.0,,962.0,9207.0,1.0,318.0,4167.0,5510.0,5510.0,-27921.0,1150.0,501.0,542.0,,,,,,,,,,,,,,,,,,,,,
2022,2023-03-31,E04502,224902.0,8137.0,38231.0,80506.0,216.11,0.089,79.48,295798.0,-196928.0,73248.0,26100.0,50.0,25.0,2.789,224902.0,222773.0,700536.0,243535.0,241665.0,658339.0,-18632.0,44332.0,33835.0,9505.0,,5444.0,,7108.0,17562.0,15132.0,12986.0,19785.0,269234.0,261097.0,8137.0,-315.0,,45007.0,,,29659.0,4783.0,-1224.0,3559.0,26100.0,-354.0,38231.0,-31982.0,133.0,774.0,-13180.0,86884.0,42629.0,80506.0,81657.0,-1150.0,-37.0,38.0,,-42757.0,-31027.0,-37831.0,-145.0,,155927.0,10257.0,8667.0,-5236.0,,,,-315.0,-3612.0,19889.0,,,,-5654.0,48207.0,-14127.0,271990.0,33216.0,-19812.0,,,295798.0,-249044.0,-47603.0,79127.0,-24575.0,22353.0,,20592.0,-196928.0,149775.0,-80000.0,312821.0,-194034.0,357241.0,-341759.0,-39.0,-37807.0,-4232.0,-9716.0,73248.0,210.0,172328.0,,112929.0,50040.0,15843.0,15843.0,,,,104855.0,65500.0,,,654271.0,104178.0,4071325.0,235563.0,-850072.0,3221252.0,,3986681.0,-1087211.0,3986681.0,155927.0,262249.0,,,,157566.0,,,,60438.0,0.0,2128.0,,,47731.0,,100228.0,,9883.0,,13392.0,,,,,0.0,65707.0,,,2531.0,,1869.0,,,43340.0,991.0,172.0,818.0,15556.0,424.0,2005.0,411.0,1593.0,,,,,-315.0,,,,2671231.0,2191.0,,,23484.0,14236.0,14236.0,,,2141.0,106048.0,91.0,,219.0,1.0,310.0,1.0,98.0,98.0,77.0,7.0,,,,,397000.0,-79000.0,,4.0,655.0,2.0,150.0,6.0,48745.0,12986.0,-12986.0,1431739.0,46.0,512194.0,,,4768.0,,1295.0,3301.0,,,4167.0,5510.0,5510.0,-20463.0,1500.0,628.0,574.0,50.55,45007.0,20183.0,-45318.0,27555.0,10403.0,,,,,,,,,,,,,,,
2023,2024-03-31,E04502,237319.0,-14513.0,403140.0,574106.0,533.17,0.174,79.48,344074.0,-388330.0,87084.0,-4773.0,55.0,25.0,2.789,237319.0,236183.0,649050.0,251011.0,249284.0,598571.0,-13691.0,18748.0,6729.0,9849.0,,188745.0,,9046.0,19570.0,16552.0,12986.0,11938.0,256067.0,270581.0,-14513.0,-164.0,,7474.0,,,-7059.0,-5304.0,3018.0,-2285.0,-4773.0,8006.0,403140.0,137.0,2801.0,1964.0,10520.0,147535.0,162959.0,574106.0,562579.0,11527.0,-58.0,1.0,,-42734.0,-74.0,-37830.0,-49.0,,172046.0,11227.0,6533.0,-2126.0,,,-3679.0,-164.0,-1679.0,21576.0,,,,-57612.0,-57460.0,-17426.0,404417.0,12006.0,-20727.0,,,344074.0,-248666.0,-136164.0,26199.0,-41140.0,380.0,,11059.0,-388330.0,24898.0,-80007.0,322262.0,-159926.0,431644.0,-400139.0,-57.0,-37795.0,-5084.0,-8710.0,87084.0,2206.0,45033.0,,114411.0,53764.0,21084.0,21084.0,,,,120100.0,77301.0,,,640840.0,122928.0,3509739.0,275078.0,-841235.0,2668503.0,,3610414.0,-1088216.0,3610414.0,172046.0,243686.0,,,,174278.0,,,,56948.0,0.0,1136.0,,,50890.0,,93393.0,,,,13188.0,,,,,0.0,76882.0,,,2602.0,,1727.0,,,16579.0,2169.0,14.0,2155.0,16651.0,99.0,2918.0,31.0,2887.0,,,,,-164.0,,,,2077044.0,1045.0,,,19.0,12622.0,12622.0,,,1856.0,79635.0,92.0,,222.0,1.0,314.0,1.0,102.0,102.0,113.0,8.0,,,,,,-79000.0,,4.0,639.0,,,6.0,11735.0,-188745.0,188745.0,1772008.0,46.0,536257.0,,,4955.0,,1712.0,3301.0,,,,,,,1122.0,13.0,14.0,533.16,7474.0,19.0,-9208.0,26.0,-24066.0,22.0,12.0,12.0,22.0,12468.0,-27555.0,11281.0,,,,,,,,
2024,2025-03-31,E04502,291152.0,50297.0,202087.0,267302.0,533.17,0.174,79.48,301345.0,-391767.0,-27649.0,53881.0,60.0,30.0,2.789,291152.0,289728.0,560673.0,260304.0,258124.0,537164.0,30848.0,46374.0,32973.0,11340.0,,61137.0,,15460.0,26924.0,18763.0,,20098.0,337526.0,287228.0,50297.0,502.0,502.0,6639.0,,,56936.0,8125.0,-5069.0,3055.0,53881.0,7049.0,202087.0,-2608.0,-1148.0,2460.0,1370.0,58090.0,58165.0,267302.0,260132.0,7170.0,-1509.0,1.0,-55745.0,4115.0,-2814.0,-45394.0,-6144.0,,170881.0,11227.0,5258.0,908.0,,,-3679.0,502.0,-1715.0,23859.0,,,,-43812.0,-1113.0,117852.0,401927.0,13839.0,-22671.0,,,301345.0,-272541.0,-79177.0,8279.0,-37205.0,2215.0,212.0,940.0,-391767.0,76112.0,-160014.0,312361.0,-145998.0,355328.0,-408112.0,-1507.0,-45335.0,-5249.0,-5235.0,-27649.0,-600.0,-118672.0,-7379.0,120385.0,57290.0,22351.0,22351.0,,,,129907.0,77310.0,,,652789.0,131643.0,3783317.0,288595.0,-893292.0,2890024.0,,3669234.0,-1042193.0,3669234.0,170881.0,272381.0,,,,227098.0,,,,57584.0,0.0,1423.0,,,56099.0,,79832.0,,,,14551.0,,,,,0.0,79540.0,,,3301.0,,2179.0,,,44314.0,2060.0,2.0,2057.0,19009.0,246.0,7915.0,12.0,7902.0,,,,,-164.0,,,,2342565.0,7692.0,,,19.0,12622.0,12622.0,,,2157.0,82945.0,97.0,,185.0,0.0,282.0,0.0,112.0,107.0,103.0,9.0,,,,,,,,7.0,1332.0,3.0,1202.0,1.0,1816.0,-61137.0,61137.0,2001733.0,,515317.0,,,5045.0,,2154.0,6401.0,1.0,541.0,,,,,1415.0,8.0,24.0,533.16,6639.0,19.0,-9208.0,26.0,-91750.0,24.0,13.0,13.0,26.0,-25447.0,-27555.0,17104.0,2.0,5.0,941.0,6401.0,224719.0,-284724.0,-14491.0,-50.0
