fiscal_year,date,company_code,NumberOfSubmissionDEI,NetAssetsSummaryOfBusinessResults,TotalAssetsSummaryOfBusinessResults,NetAssetsPerShareSummaryOfBusinessResults,EquityToAssetRatioSummaryOfBusinessResults,CashAndCashEquivalentsSummaryOfBusinessResults,NumberOfEmployees,AverageNumberOfTemporaryWorkers,CapitalStockSummaryOfBusinessResults,TotalNumberOfIssuedSharesSummaryOfBusinessResults,PreferredStockClassATotalNumberOfIssuedSharesSummaryOfBusinessResult,PreferredStockClassBTotalNumberOfIssuedSharesSummaryOfBusinessResults,NumberOfSharesHeld,ShareholdingRatio,NumberOfVotingRightsHeld,RatioOfVotingRightsHeld,NoncurrentAssets,ElectricUtilityPlantAndEquipmentAssetsELE,HydroelectricPowerProductionFacilitiesNCAElectricELE,ThermalPowerProductionFacilitiesNCAElectricELE,NuclearPowerProductionFacilitiesNCAElectricELE,TransmissionFacilitiesNCAElectricELE,TransformationFacilitiesNCAElectricELE,DistributionFacilitiesNCAElectricELE,OtherElectricUtilityPlantAndEquipmentNCAElectricELE,OtherNoncurrentAssetsELE,ConstructionInProgressELE,ConstructionAndRetirementInProgressNCAInProcessELE,NuclearFuelNCAELE,LoadedNuclearFuelNCAELE,NuclearFuelInProcessingNCAELE,InvestmentsAndOtherAssets,LongTermInvestmentsELE,ReserveFundForReprocessingOfIrradiatedNuclearFuelIOAELE,GrantsInAidReceivableFromNuclearDamageCompensationFacilitationCorporationIOAELE,NetDefinedBenefitAsset,OtherIOA,AllowanceForDoubtfulAccountsIOAByGroup,CurrentAssets,CashAndDeposits,NotesAndAccountsReceivableTrade,Inventories,OtherCA,AllowanceForDoubtfulAccountsCA,Assets,NoncurrentLiabilities,BondsPayable,LongTermLoansPayable,ProvisionForReprocessingOfIrradiatedNuclearFuelNCLELE,ProvisionForPreparationOfTheReprocessingOfIrradiatedNuclearFuelNCLELE,ProvisionForLossOnDisasterNCL,ProvisionForCompensationForNuclearPowerRelatedDamagesNCLELE,NetDefinedBenefitLiability,AssetRetirementObligationsNCL,OtherNCL,CurrentLiabilities,CurrentPortionOfNoncurrentLiabilitiesCLELE,ShortTermLoansPayable,NotesAndAccountsPayableTrade,AccruedTaxes,OtherCL,ReservesUnderTheSpecialLaws2,ReserveForPreparationOfTheDepreciationOfNuclearPowerConstructionReservesUnderTheSpecialLawsELE,Liabilities,ShareholdersEquity,CapitalStock,CapitalSurplus,RetainedEarnings,TreasuryStock,ValuationAndTranslationAdjustments,ValuationDifferenceOnAvailableForSaleSecurities,DeferredGainsOrLossesOnHedges,RevaluationReserveForLand,ForeignCurrencyTranslationAdjustment,RemeasurementsOfDefinedBenefitPlans,NonControllingInterests,NetAssets,LiabilitiesAndNetAssets,CumulativeEffectsOfChangesInAccountingPolicies,RestatedBalance,CashAndCashEquivalents,NumberOfConsolidatedSubsidiaries,NumberOfAssociatesAccountedForUsingEquityMethod,AccumulatedDepreciationPPEByGroup,MerchandiseAndFinishedGoods,WorkInProcess,RawMaterialsAndSupplies,InternalCombustionEnginePowerProductionFacilitiesNCAElectricELE,RenewablePowerProductionFacilitiesNCAElectricELE,GeneralFacilitiesNCAElectricELE,FacilitiesLoanedNCAElectricELE,IncidentalBusinessFacilitiesELE,NonOperatingFacilitiesELE,ConstructionInProgressNCAInProgressELE,RetirementInProgressNCAInProgressELE,LongTermInvestmentForSubsidiariesAndAffiliatesELE,LongTermPrepaidExpenses,PrepaidPensionCostIOA,AccountsReceivableTrade,OtherAccountsReceivableCAELE,Supplies,AdvancePaymentsCAELE,PrepaidExpenses,ShortTermReceivablesFromSubsidiariesAndAffiliatesCAELE,OtherCurrentAssetsCAELE,LongTermAccruedLiabilitiesNCLELE,LeaseObligationsNCL,LongTermDebtToSubsidiariesAndAffiliatesNCLELE,ProvisionForRetirementBenefits,OtherNoncurrentLiabilitiesNCLELE,AccountsPayableTrade,AccountsPayableOther,AccruedExpenses,DepositsReceived,ShortTermDebtToSubsidiariesAndAffiliatesCLELE,OtherAdvancesCLELE,OtherCurrentLiabilitiesCLELE,LegalCapitalSurplus,OtherCapitalSurplus,LegalRetainedEarnings,OtherRetainedEarnings,ReserveForOverseasInvestmentLoss,ReserveForSpecialDisasterELE,GeneralReserve,RetainedEarningsBroughtForward,SecurityCodeDEI,SpecialAccountRelatedToReprocessingOfSpentNuclearFuelELE,ProvisionForPreparationOfRemovalOfReactorCoresInSpecifiedNuclearPowerFacilitiesNCLELE,ReserveForFluctuationInWaterLevelsReservesUnderTheSpecialLawsELE,SubscriptionRightsToShares,NumberOfUnconsolidatedSubsidiariesAndAssociatesAccountedForUsingEquityMethod,DeferredTaxLiabilitiesNCL,TotalShareholderReturn,TotalReturnOnSharePriceIndex,AverageAgeYearsInformationAboutReportingCompanyInformationAboutEmployees,AverageLengthOfServiceYearsInformationAboutReportingCompanyInformationAboutEmployees,AverageAnnualSalaryInformationAboutReportingCompanyInformationAboutEmployees,NumberOfIssuedSharesAsOfFiscalYearEndIssuedSharesTotalNumberOfSharesEtc,NumberOfIssuedSharesAsOfFilingDateIssuedSharesTotalNumberOfSharesEtc,NumberOfSharesConstitutingOneUnit,NumberOfShareholdersNationalAndLocalGovernments,NumberOfShareholdersFinancialInstitutions,NumberOfShareholdersFinancialServiceProviders,NumberOfShareholdersOtherCorporations,NumberOfShareholdersForeignInvestorsOtherThanIndividuals,NumberOfShareholdersForeignIndividualInvestors,NumberOfShareholdersIndividualsAndOthers,NumberOfShareholdersTotal,NumberOfSharesHeldNumberOfUnitsNationalAndLocalGovernments,NumberOfSharesHeldNumberOfUnitsFinancialInstitutions,NumberOfSharesHeldNumberOfUnitsFinancialServiceProviders,NumberOfSharesHeldNumberOfUnitsOtherCorporations,NumberOfSharesHeldNumberOfUnitsForeignInvestorsOtherThanIndividuals,NumberOfSharesHeldNumberOfUnitsForeignIndividualInvestors,NumberOfSharesHeldNumberOfUnitsIndividualsAndOthers,NumberOfSharesHeldNumberOfUnitsTotal,NumberOfSharesHeldSharesLessThanOneUnit,PercentageOfShareholdingsNationalAndLocalGovernments,PercentageOfShareholdingsFinancialInstitutions,PercentageOfShareholdingsFinancialServiceProviders,PercentageOfShareholdingsOtherCorporations,PercentageOfShareholdingsForeignersOtherThanIndividuals,PercentageOfShareholdingsForeignIndividuals,PercentageOfShareholdingsIndividualsAndOthers,NumberOfSharesIssuedSharesVotingRights,NumberOfVotingRightsIssuedSharesVotingRights,NumberOfSharesHeldInOwnNameTreasurySharesEtc,TotalNumberOfSharesHeldTreasurySharesEtc,ShareholdingRatioTreasurySharesEtc,NumberOfMaleDirectorsAndOtherOfficers,NumberOfFemaleDirectorsAndOtherOfficers,RatioOfFemaleDirectorsAndOtherOfficers,NumberOfSharesHeldOrdinarySharesInformationAboutDirectorsAndCorporateAuditors,NumberOfSharesHeldOrdinarySharesInformationAboutExecutiveDirectors,NumberOfNamesOfSecuritiesEquitySecuritiesNotListedInvestmentEquitySecuritiesHeldForPurposesOtherThanPureInvestmentReportingCompany,BookValueEquitySecuritiesNotListedInvestmentEquitySecuritiesHeldForPurposesOtherThanPureInvestmentReportingCompany,NumberOfNamesOfSecuritiesEquitySecuritiesOtherThanThoseNotListedInvestmentEquitySecuritiesHeldForPurposesOtherThanPureInvestmentReportingCompany,BookValueEquitySecuritiesOtherThanThoseNotListedInvestmentEquitySecuritiesHeldForPurposesOtherThanPureInvestmentReportingCompany,NumberOfNamesOfSecuritiesWhoseNumberOfSharesDecreasedEquitySecuritiesNotListedInvestmentEquitySecuritiesHeldForPurposesOtherThanPureInvestmentReportingCompany,NumberOfSharesHeldDetailsOfSpecifiedInvestmentEquitySecuritiesHeldForPurposesOtherThanPureInvestmentReportingCompany,BookValueDetailsOfSpecifiedInvestmentEquitySecuritiesHeldForPurposesOtherThanPureInvestmentReportingCompany,NumberOfNamesOfSecuritiesEquitySecuritiesNotListedInvestmentEquitySecuritiesHeldForPurposesOtherThanPureInvestmentLargestHoldingCompany,BookValueEquitySecuritiesNotListedInvestmentEquitySecuritiesHeldForPurposesOtherThanPureInvestmentLargestHoldingCompany,NumberOfNamesOfSecuritiesEquitySecuritiesOtherThanThoseNotListedInvestmentEquitySecuritiesHeldForPurposesOtherThanPureInvestmentLargestHoldingCompany,BookValueEquitySecuritiesOtherThanThoseNotListedInvestmentEquitySecuritiesHeldForPurposesOtherThanPureInvestmentLargestHoldingCompany,NumberOfNamesOfSecuritiesWhoseNumberOfSharesIncreasedEquitySecuritiesNotListedInvestmentEquitySecuritiesHeldForPurposesOtherThanPureInvestmentLargestHoldingCompany,NumberOfNamesOfSecuritiesWhoseNumberOfSharesDecreasedEquitySecuritiesNotListedInvestmentEquitySecuritiesHeldForPurposesOtherThanPureInvestmentLargestHoldingCompany,NumberOfSharesHeldDetailsOfSpecifiedInvestmentEquitySecuritiesHeldForPurposesOtherThanPureInvestmentLargestHoldingCompany,BookValueDetailsOfSpecifiedInvestmentEquitySecuritiesHeldForPurposesOtherThanPureInvestmentLargestHoldingCompany,ReserveFundForNuclearReactorDecommissioningIOAELE,ProvisionForRemovalOfReactorCoresInSpecifiedNuclearPowerFacilitiesNCLELE,NumberOfIssuesSharesNotListedInvestmentSharesHeldForPurposesOtherThanPureInvestmentReportingCompany,CarryingAmountSharesNotListedInvestmentSharesHeldForPurposesOtherThanPureInvestmentReportingCompany,NumberOfIssuesSharesOtherThanThoseNotListedInvestmentSharesHeldForPurposesOtherThanPureInvestmentReportingCompany,CarryingAmountSharesOtherThanThoseNotListedInvestmentSharesHeldForPurposesOtherThanPureInvestmentReportingCompany,NumberOfIssuesSharesNotListedInvestmentSharesHeldForPurposesOtherThanPureInvestmentLargestHoldingCompany,CarryingAmountSharesNotListedInvestmentSharesHeldForPurposesOtherThanPureInvestmentLargestHoldingCompany,NumberOfIssuesSharesOtherThanThoseNotListedInvestmentSharesHeldForPurposesOtherThanPureInvestmentLargestHoldingCompany,CarryingAmountSharesOtherThanThoseNotListedInvestmentSharesHeldForPurposesOtherThanPureInvestmentLargestHoldingCompany,NuclearPowerAbolitionInProgressELE,DeferredTaxLiabilities,ProvisionForLossOnDisasterCL,NotesAndAccountsReceivableTradeAndContractAssets,NotesReceivableTrade,ContractAssets,NumberOfIssuesSharesNotListedInvestmentSharesHeldForPurposesOtherThanPureInvestmentSecondLargestHoldingCompany,CarryingAmountSharesNotListedInvestmentSharesHeldForPurposesOtherThanPureInvestmentSecondLargestHoldingCompany,NumberOfIssuesSharesOtherThanThoseNotListedInvestmentSharesHeldForPurposesOtherThanPureInvestmentSecondLargestHoldingCompany,CarryingAmountSharesOtherThanThoseNotListedInvestmentSharesHeldForPurposesOtherThanPureInvestmentSecondLargestHoldingCompany,NumberOfSharesHeldDetailsOfSpecifiedInvestmentEquitySecuritiesHeldForPurposesOtherThanPureInvestmentSecondLargestHoldingCompany,BookValueDetailsOfSpecifiedInvestmentEquitySecuritiesHeldForPurposesOtherThanPureInvestmentSecondLargestHoldingCompany,IncreaseOrDecreaseDueToChangesInAccountingTreatmentOfAffiliatedCompaniesAccountedForByTheEquityMethod,CommercialPapersLiabilities,RatioOfFemaleEmployeesInManagerialPositionsMetricsOfReportingCompany,AllEmployeesCalculatedBasedOnProvisionsOfArticle714Item2OfOrdinanceForEnforcementOfActOnChildcareLeaveCaregiverLeaveAndOtherMeasuresForTheWelfareOfWorkersCaringForChildrenOrOtherFamilyMembersRatioOfMaleEmployeesTakingChildcareLeaveMetricsOfReportingCompany,AllEmployeesDifferencesInWagesBetweenMaleAndFemaleEmployeesMetricsOfReportingCompany,RegularEmployeesDifferencesInWagesBetweenMaleAndFemaleEmployeesMetricsOfReportingCompany,NonRegularEmployeesDifferencesInWagesBetweenMaleAndFemaleEmployeesMetricsOfReportingCompany,RatioOfFemaleEmployeesInManagerialPositionsMetricsOfConsolidatedSubsidiaries,AllEmployeesRatioOfMaleEmployeesTakingChildcareLeaveMetricsOfConsolidatedSubsidiaries,AllEmployeesDifferencesInWagesBetweenMaleAndFemaleEmployeesMetricsOfConsolidatedSubsidiaries,RegularEmployeesDifferencesInWagesBetweenMaleAndFemaleEmployeesMetricsOfConsolidatedSubsidiaries,NonRegularEmployeesDifferencesInWagesBetweenMaleAndFemaleEmployeesMetricsOfConsolidatedSubsidiaries,NumberOfIssuesSharesNotListedInvestmentSharesHeldForPureInvestmentLargestHoldingCompany,BookValueEquitySecuritiesNotListedInvestmentEquitySecuritiesHeldForPureInvestmentLargestHoldingCompany,ContractLiabilities,NumberOfMaleDirectorsAndOtherOfficersProposal,NumberOfFemaleDirectorsAndOtherOfficersProposal,RatioOfFemaleDirectorsAndOtherOfficersProposal,NumberOfSharesHeldOrdinarySharesInformationAboutDirectorsAndCorporateAuditorsProposal,NumberOfSharesHeldOrdinarySharesInformationAboutExecutiveDirectorsProposal,ContributionPayableForNuclearReactorDecommissioningNCLELE
2015,2016-03-31,E04498,1.0,1800504.0,13189615.0,746.59,0.161,1339910.0,0.03244,0.002855,1400975.0,1607.017,1600.0,340.0,2244.314,0.6327,19.043136,0.5963,11129743.0,6922901.0,442443.0,1082395.0,726934.0,1766400.0,699710.0,2054276.0,150248.0,221731.0,783116.0,838467.0,751682.0,120625.0,631056.0,2633713.0,96285.0,894547.0,755861.0,117375.0,736881.0,-1530.0,2059871.0,1208462.0,488109.0,194453.0,246315.0,-13807.0,13189615.0,8521224.0,2913815.0,1895192.0,923725.0,73489.0,474726.0,837882.0,382788.0,761653.0,317539.0,2861783.0,1331763.0,491495.0,241640.0,95615.0,657554.0,6103.0,6103.0,11389110.0,1802889.0,1400975.0,743606.0,-334062.0,-7629.0,-2385.0,-2385.0,-14668.0,-2510.0,20768.0,-7406.0,21864.0,1800504.0,13189615.0,3799.0,2105979.0,1339910.0,47.0,17.0,-23202504.0,2677.0,17886.0,173889.0,7305.0,18632.0,119758.0,5045.0,36698.0,1630.0,780521.0,2595.0,644110.0,122045.0,122392.0,461341.0,39211.0,172354.0,3675.0,5837.0,14918.0,167878.0,47111.0,551.0,13791.0,356550.0,222734.0,230838.0,117281.0,382854.0,4167.0,177665.0,24724.0,5377.0,743555.0,50.0,169108.0,-503170.0,298.0,131.0,1076000.0,-1579601.0,0.09501,,,,,,,,,,,,,,,,,,,,,,,,,,,,,,,,,,,,,,,,,,,,,,,,,,,,,,,,,,,,,,,,,,,,,,,,,,,,,,,,,,,,,,,,,,,,,,,,,,,,,,,,,,
2016,2017-03-31,E04498,1.0,1762793.0,11024908.0,838.45,0.191,940243.0,0.007743,0.003157,1400975.0,1607.017,1600.0,340.0,2279.214,0.6426,19.392141,0.6072,9566062.0,1260629.0,416427.0,1082395.0,821479.0,1766400.0,699710.0,2054276.0,147434.0,191153.0,621915.0,840444.0,648225.0,120625.0,527600.0,7035260.0,39146.0,894547.0,531974.0,131611.0,132186.0,-1313.0,1458845.0,788738.0,512680.0,156771.0,386038.0,-73.0,11024908.0,5905612.0,1616182.0,1706623.0,923725.0,73489.0,466964.0,694396.0,386392.0,772891.0,377100.0,3349894.0,1735676.0,858423.0,181137.0,2337.0,790993.0,6608.0,6608.0,9262115.0,1762784.0,1400975.0,743604.0,-374153.0,-7642.0,8.0,8.0,-1871.0,-2301.0,17098.0,-3662.0,5244.0,1762793.0,11024908.0,3799.0,2105979.0,940243.0,41.0,17.0,-23275909.0,5262.0,18791.0,132717.0,7305.0,16680.0,5965.0,76.0,36698.0,31.0,621507.0,407.0,6369654.0,58836.0,36963.0,36446.0,128035.0,50200.0,3675.0,2431.0,303235.0,149830.0,9043.0,4256.0,417528.0,96031.0,121695.0,3500.0,57963.0,244249.0,903.0,446123.0,569.0,146.0,743555.0,48.0,169108.0,-543261.0,224.0,123.0,1076000.0,-1619609.0,0.09501,,,,,,,,,,,,,,,,,,,,,,,,,,,,,,,,,,,,,,,,,,,,,,,,,,,,,,,,,,,,,,,,,,,,,,,,,,,,,,,,,,,,,,,,,,,,,,,,,,,,,,,,,,
2017,2018-03-31,E04498,1.0,1971356.0,9205175.0,605.65,0.214,1184384.0,0.008443,0.003085,1400975.0,1607.017,1600.0,340.0,2295.215,0.6477,19.552151,0.6122,7678711.0,1294899.0,399794.0,1016890.0,871863.0,1576154.0,664734.0,2021792.0,124921.0,198262.0,699433.0,881113.0,660604.0,120625.0,539978.0,5023743.0,35802.0,,593701.0,147499.0,127044.0,-863.0,1526463.0,1057486.0,587907.0,160240.0,301869.0,-52.0,9205175.0,4701057.0,887833.0,1303094.0,,,441890.0,600647.0,386735.0,783460.0,372839.0,2525865.0,1282026.0,236290.0,208576.0,13979.0,906859.0,6895.0,6895.0,7233818.0,1970500.0,1400975.0,743602.0,-166421.0,-7655.0,855.0,855.0,-454.0,-2291.0,-7846.0,9072.0,5880.0,1971356.0,9205175.0,,,1184384.0,43.0,14.0,-23433688.0,5413.0,15053.0,139773.0,,15647.0,7517.0,76.0,,31.0,654768.0,239.0,4311331.0,42434.0,41336.0,49666.0,24498.0,44466.0,0.0,468.0,203084.0,146843.0,7611.0,6917.0,417541.0,105999.0,143797.0,3044.0,70687.0,206811.0,1616.0,696998.0,78.0,14331.0,743555.0,46.0,169108.0,-335530.0,149.0,135.0,1076000.0,-1411815.0,0.09501,44425.0,1929.0,581.0,0.0,18.0,332.0,,,,,,,,,,,,,,,,,,,,,,,,,,,,,,,,,,,,,,,,,,,,,,,,,,,,,,,,,,,,,,,,,,,,,,,,,,,,,,,,,,,,,,,,,,,,,,,,,,,,
2018,2019-03-31,E04498,1.0,2179701.0,8296291.0,735.57,0.263,999362.0,0.008309,0.002956,1400975.0,1607.017,1600.0,340.0,2274.427,0.6418,19.344268,0.6057,6978623.0,1413254.0,387309.0,990352.0,996006.0,1504159.0,643721.0,2021402.0,127816.0,217589.0,801464.0,967329.0,657578.0,120625.0,536952.0,4098780.0,35500.0,,552504.0,142023.0,130954.0,-327.0,1317667.0,836113.0,618306.0,165683.0,320088.0,-1276.0,8296291.0,3815687.0,498868.0,724996.0,,,448362.0,549042.0,374919.0,948759.0,310552.0,2293714.0,980918.0,249457.0,264510.0,12147.0,872867.0,7188.0,7188.0,6116590.0,2179570.0,1400975.0,743600.0,42663.0,-7670.0,131.0,131.0,2723.0,-2362.0,-6977.0,2700.0,14276.0,2179701.0,8296291.0,,,999362.0,49.0,18.0,-23773747.0,8301.0,16127.0,141255.0,,16290.0,13572.0,76.0,40.0,7504.0,712379.0,234.0,3224542.0,42480.0,44079.0,56424.0,35450.0,38982.0,0.0,239.0,202854.0,148876.0,4520.0,6497.0,410243.0,105494.0,112245.0,2439.0,57043.0,165801.0,1405.0,814491.0,658.0,9350.0,743555.0,45.0,169108.0,-126444.0,74.0,148.0,1076000.0,-1202667.0,0.09501,88850.0,6099.0,581.0,0.0,21.0,50.0,1.683,1.549,45.3,23.1,8.055519,3547.017531,3547.017531,100.0,28.0,82.0,59.0,1.0,733.0,328.0,0.435044,1.0,0.433796,3.563677,0.160877,34.0,6.017044,0.00465,5.356264,34.0,5.906131,0.0271,0.2226,0.01,1.0,0.3758,0.0003,0.3345,3547.017531,31.939344,7.177,7.177,0.002,21.0,1.0,0.045,0.105312,0.071172,79.0,5018.0,1.0,1514.0,2.0,0.7428,2521.0,21.0,3815.0,1.0,4467.0,4.0,2.0,1.46,7256.0,200000.0,505.0,,,,,,,,,,,,,,,,,,,,,,,,,,,,,,,,,,,,,,,,,
2019,2020-03-31,E04498,1.0,1970018.0,7893191.0,735.57,0.263,812143.0,0.008291,0.002842,1400975.0,1607.017,1600.0,340.0,2280.006,0.6434,19.400059,0.6074,6747401.0,1406863.0,378371.0,990352.0,1002100.0,1435833.0,634240.0,2016946.0,126681.0,190688.0,967681.0,1003105.0,598646.0,81502.0,517144.0,3773815.0,34850.0,,494613.0,120734.0,125979.0,-258.0,1145789.0,653971.0,559892.0,87837.0,329168.0,-1427.0,7893191.0,3351969.0,277437.0,214327.0,,,520551.0,496433.0,368475.0,993626.0,330837.0,2563631.0,983197.0,278049.0,315974.0,4776.0,823941.0,7572.0,7572.0,5923173.0,1970379.0,1400975.0,743598.0,-166514.0,-7680.0,-361.0,-361.0,-14067.0,-2471.0,-9914.0,-16010.0,16699.0,1970018.0,7893191.0,,,812143.0,49.0,25.0,-18606189.0,9769.0,14061.0,64007.0,,11583.0,14731.0,76.0,330.0,62.0,706716.0,34.0,2767964.0,43251.0,43243.0,50449.0,30128.0,33531.0,0.0,445.0,224296.0,154393.0,2056.0,6079.0,430655.0,103209.0,133896.0,2413.0,40810.0,284539.0,906.0,967987.0,868.0,80.0,743555.0,43.0,169108.0,-335623.0,74.0,161.0,1076000.0,-1411784.0,0.09501,133275.0,168898.0,,3.0,,,1.538,1.185,45.4,23.0,8.120878,3547.017531,3547.017531,100.0,28.0,77.0,61.0,1.0,679.0,361.0,0.432971,1.0,0.433796,3.505502,0.325709,34.0,5.514021,0.005204,5.740562,34.0,5.831331,0.0271,0.2189,0.0203,1.0,0.3444,0.0003,0.3585,3547.017531,31.939853,7.2009,7.2009,0.002,22.0,2.0,0.083,0.102706,0.094517,,,,,,0.7428,1514.0,,,,,,,1.46,4467.0,390150.0,4796.0,78.0,4783.0,1.0,971.0,22.0,3824.0,1.0,5219.0,127655.0,50.0,,,,,,,,,,,,,,,,,,,,,,,,,,,,,,,
2020,2021-03-31,E04498,1.0,2007099.0,7426733.0,735.57,0.27,454307.0,0.00718,0.002639,1400975.0,1607.017,1600.0,340.0,2357.766,0.6653,20.177665,0.6317,6443813.0,1007208.0,378371.0,,991688.0,1439770.0,659744.0,2018429.0,142175.0,182172.0,1089292.0,1012464.0,585566.0,81502.0,504063.0,3761114.0,39340.0,,490125.0,163566.0,139281.0,-222.0,982920.0,328490.0,674112.0,86235.0,383223.0,-1784.0,7426733.0,3205625.0,242806.0,142004.0,,,501967.0,491147.0,332201.0,1014724.0,335665.0,2205565.0,342635.0,222964.0,307293.0,2725.0,772113.0,8443.0,8443.0,5419634.0,2006653.0,1400975.0,743595.0,-130233.0,-7684.0,445.0,445.0,4015.0,-2483.0,-23083.0,16098.0,17483.0,2007099.0,7426733.0,,,454307.0,45.0,28.0,-18882824.0,9995.0,13649.0,62590.0,,11583.0,15447.0,72.0,570.0,60.0,767476.0,16.0,2660110.0,44566.0,42194.0,14969.0,56229.0,32390.0,0.0,407.0,389639.0,162579.0,2056.0,6189.0,429416.0,87940.0,118886.0,1487.0,38325.0,165950.0,1278.0,1427045.0,149.0,93.0,743555.0,40.0,169108.0,-299341.0,,174.0,1076000.0,-1375516.0,0.09501,197107.0,168898.0,,18.0,,,1.131,1.623,45.3,22.4,8.192027,3547.017531,3547.017531,100.0,28.0,74.0,69.0,1.0,594.0,522.0,0.438309,1.0,0.433796,4.315764,0.287096,34.0,3.866401,0.007298,6.527268,34.0,5.803431,0.0271,0.2695,0.0179,1.0,0.2415,0.0005,0.4076,3547.017531,31.939926,7.2215,7.2215,0.002,19.0,3.0,0.136,0.155392,0.130607,,,,,,0.7428,971.0,,,,,,,1.46,5219.0,485000.0,170369.0,77.0,4741.0,1.0,1951.0,22.0,3185.0,1.0,8435.0,124692.0,173.0,2908.0,,,,,,,,,,,,,,,,,,,,,,,,,,,,,,
2021,2022-03-31,E04498,1.0,2128373.0,8045180.0,735.57,0.27,861825.0,0.007113,0.002522,1400975.0,1607.017,1600.0,340.0,2449.435,0.6912,21.094347,0.6604,6593239.0,986269.0,389053.0,,971755.0,1390553.0,637530.0,2026850.0,138121.0,192663.0,1182856.0,1135883.0,586946.0,81502.0,505443.0,3836002.0,42458.0,,484344.0,158277.0,167527.0,-17.0,1451940.0,715911.0,674112.0,97185.0,477666.0,-2489.0,8045180.0,3182064.0,240806.0,122801.0,,,496273.0,487381.0,323514.0,1033315.0,337142.0,2725257.0,282933.0,231148.0,467654.0,4142.0,779702.0,9485.0,9485.0,5916806.0,2127290.0,1400975.0,743594.0,-9589.0,-7690.0,1083.0,1083.0,27326.0,-2497.0,26048.0,6571.0,25330.0,2128373.0,8045180.0,2161.0,3144963.0,861825.0,51.0,28.0,-19158347.0,8329.0,16360.0,72496.0,,,14442.0,71.0,1103.0,60.0,826073.0,26.0,2637313.0,42365.0,44025.0,10472.0,63159.0,33118.0,0.0,283.0,471186.0,160297.0,,5620.0,416547.0,85740.0,129187.0,1837.0,51041.0,158834.0,907.0,1991400.0,110.0,53.0,743555.0,38.0,169108.0,-178698.0,,188.0,1076000.0,-1254886.0,0.09501,241532.0,,,10.0,,,1.606,1.443,44.8,22.1,8.155797,3547.017531,3547.017531,100.0,28.0,66.0,59.0,1.0,577.0,460.0,0.421118,1.0,0.433796,4.052622,0.179788,34.0,4.35172,0.006403,6.396636,34.0,5.759731,0.0271,0.2531,0.0112,1.0,0.2718,0.0004,0.3995,3547.017531,31.940138,7.244,7.244,0.002,20.0,3.0,0.13,0.20465,0.178175,,,,,,0.7428,1951.0,,,,,,,1.46,8435.0,585513.0,163968.0,76.0,3885.0,1.0,2837.0,22.0,3185.0,1.0,6530.0,115224.0,421.0,2846.0,611367.0,226.0,20263.0,,,,,,,,,,,,,,,,,,,,,,,,,,,
2022,2023-03-31,E04498,1.0,2321443.0,8808936.0,823.99,0.27,717357.0,0.007051,0.002406,1400975.0,1607.017,1600.0,340.0,2447.446,0.6906,21.074462,0.6598,7601669.0,989033.0,392931.0,,975673.0,1365771.0,636143.0,2064563.0,131291.0,260826.0,1294590.0,1290175.0,578573.0,81502.0,497070.0,4737837.0,44189.0,,864921.0,142545.0,230239.0,-45.0,1207267.0,513496.0,,109793.0,555247.0,-2871.0,8808936.0,3557004.0,240806.0,74908.0,,,500608.0,869133.0,318875.0,1052202.0,391406.0,2930488.0,303202.0,234422.0,575778.0,4743.0,756676.0,9485.0,9485.0,6487493.0,2321076.0,1400975.0,743592.0,184208.0,-7700.0,366.0,366.0,23598.0,-2789.0,88319.0,-13466.0,26565.0,2321443.0,8808936.0,2161.0,3148782.0,717357.0,71.0,30.0,-19333127.0,12985.0,20115.0,76691.0,,,13288.0,71.0,1573.0,60.0,906156.0,17.0,3095369.0,49118.0,46480.0,18880.0,52582.0,31891.0,,565.0,426030.0,166691.0,,5170.0,413065.0,84040.0,148973.0,1751.0,51508.0,122810.0,814.0,2187624.0,217.0,116.0,743555.0,37.0,169108.0,15099.0,,190.0,1076000.0,-1061090.0,0.09501,285957.0,9168.0,,10.0,,,1.707,1.303,45.0,22.2,8.144373,3547.017531,3547.017531,100.0,28.0,66.0,63.0,1.0,570.0,528.0,0.421413,1.0,0.433796,3.95403,0.366634,34.0,4.222867,0.007479,6.4332,34.0,5.719031,0.0271,0.2469,0.0229,1.0,0.2637,0.0005,0.4017,3547.017531,31.940305,7.268,7.268,0.002,22.0,3.0,0.12,0.181072,0.124394,,,,,,0.7428,2837.0,,,,,,,,,637804.0,158783.0,76.0,3873.0,1.0,1841.0,,,,,102458.0,142.0,1277.0,715306.0,225.0,28864.0,20.0,2765.0,1.0,8427.0,4.38,6530.0,3819.0,22000.0,,,,,,,,,,,,,,,,,,,
2023,2024-03-31,E04498,1.0,2159362.0,9546132.0,823.99,0.27,1235128.0,0.0072,0.002357,1400975.0,1607.017,1600.0,340.0,2482.073,0.7004,21.420728,0.6706,7529123.0,1050401.0,389485.0,,1037575.0,1349427.0,632126.0,2110196.0,134551.0,269795.0,1382733.0,1456980.0,580336.0,81502.0,498834.0,4513423.0,43882.0,,603532.0,186359.0,278410.0,-67.0,2017008.0,1050234.0,,121615.0,636408.0,-3071.0,9546132.0,3424135.0,240000.0,51190.0,,,582826.0,642910.0,309783.0,1079680.0,461133.0,3962634.0,280260.0,662773.0,388920.0,4431.0,1013546.0,,,7386769.0,2158509.0,1400975.0,743591.0,21661.0,-7718.0,852.0,852.0,39840.0,-2926.0,169573.0,19824.0,26759.0,2159362.0,9546132.0,,,1235128.0,71.0,41.0,-19514513.0,12575.0,21039.0,88001.0,,,12754.0,71.0,2167.0,60.0,962628.0,28.0,3093492.0,50188.0,49221.0,25257.0,74308.0,35598.0,,938.0,668119.0,165623.0,,4793.0,412690.0,83220.0,154642.0,4261.0,48582.0,365596.0,1651.0,2573625.0,362.0,803.0,743555.0,35.0,169108.0,-147446.0,,190.0,1076000.0,-1223637.0,0.09501,330382.0,11277.0,,,,,1.349,1.962,45.2,20.0,8.324494,3547.017531,3547.017531,100.0,28.0,70.0,58.0,1.0,580.0,518.0,0.383012,1.0,0.433796,4.108011,0.312129,34.0,5.449995,0.004893,5.243467,34.0,5.611531,0.0271,0.2565,0.0195,1.0,0.3403,0.0003,0.3274,3547.017531,31.941076,7.2984,7.2984,0.0021,22.0,3.0,0.12,0.203205,0.123207,,,,,,0.7428,1841.0,,,,,,,,,673173.0,160572.0,76.0,3865.0,1.0,2516.0,,,,,89693.0,331.0,283.0,636302.0,234.0,11396.0,22.0,2698.0,1.0,11254.0,4.38,8427.0,,20000.0,0.057,0.88,0.847,0.832,0.834,0.409,1.0,0.94,0.872,1.01,1.0,21900.0,9929.0,,,,,,
2024,2025-03-31,E04498,1.0,2097148.0,9188560.0,823.99,0.27,926455.0,0.0072,0.001606,1400975.0,1607.017,1600.0,340.0,2434.773,0.6871,20.947733,0.6559,7356071.0,910905.0,405120.0,,898188.0,1435832.0,659002.0,2182610.0,134743.0,392768.0,1649746.0,1560207.0,536166.0,82013.0,454153.0,4259197.0,57787.0,,525412.0,237858.0,328422.0,-1060.0,1832489.0,730847.0,,138926.0,739219.0,-6801.0,9188560.0,3340080.0,240000.0,52509.0,,,604218.0,532205.0,273525.0,363189.0,575424.0,3751332.0,39918.0,913233.0,485008.0,5482.0,912808.0,,,7091412.0,2095330.0,1400975.0,743590.0,-41496.0,-7739.0,1817.0,1817.0,34591.0,-3012.0,227007.0,57023.0,26900.0,2097148.0,9188560.0,,,926455.0,69.0,46.0,-19701590.0,13518.0,26556.0,98850.0,,,12646.0,71.0,16.0,37.0,1168470.0,26.0,2869820.0,38483.0,56545.0,990.0,35829.0,41466.0,,1789.0,841882.0,186485.0,,4325.0,410907.0,78031.0,254341.0,2580.0,70456.0,199703.0,1027.0,2491354.0,1513.0,919.0,743555.0,35.0,169108.0,-210604.0,,191.0,1076000.0,-1286795.0,0.09501,374807.0,29112.0,,,,,2.504,2.168,45.0,21.9,8.595666,3547.017531,3547.017531,100.0,28.0,66.0,75.0,1.0,432.0,0.001354,0.433802,1.0,0.433796,3.685519,0.639857,34.0,3.816246,0.019417,6.905049,34.0,5.716431,0.0271,0.2302,0.04,1.0,0.2383,0.0012,0.4312,3547.017531,31.939723,7.3288,7.3288,0.0021,22.0,3.0,0.12,0.233606,0.152106,,,,,,0.7428,2516.0,,,,,,,,,712208.0,163034.0,72.0,3864.0,1.0,3889.0,,,,,106442.0,739.0,142.0,666097.0,166.0,15319.0,24.0,2705.0,1.0,9771.0,4.38,11254.0,,25000.0,0.063,0.889,0.844,0.833,0.846,0.191,1.5,1.121,1.121,0.953,1.0,21900.0,14510.0,22.0,2.0,0.083,0.237021,0.147824,607465.0
