fiscal_year,date,company_code,NetSalesSummaryOfBusinessResults,OrdinaryIncomeLossSummaryOfBusinessResults,ProfitLossAttributableToOwnersOfParentSummaryOfBusinessResults,ComprehensiveIncomeSummaryOfBusinessResults,BasicEarningsLossPerShareSummaryOfBusinessResults,DilutedEarningsPerShareSummaryOfBusinessResults,RateOfReturnOnEquitySummaryOfBusinessResults,PriceEarningsRatioSummaryOfBusinessResults,NetCashProvidedByUsedInOperatingActivitiesSummaryOfBusinessResults,NetCashProvidedByUsedInInvestingActivitiesSummaryOfBusinessResults,NetCashProvidedByUsedInFinancingActivitiesSummaryOfBusinessResults,NetIncomeLossSummaryOfBusinessResults,OperatingRevenueELE,ElectricUtilityOperatingRevenueELE,OtherBusinessOperatingRevenueELE,OperatingExpensesELE,ElectricUtilityOperatingExpensesELE,OtherBusinessOperatingExpensesELE,OperatingIncome,NonOperatingIncome,DividendsIncomeNOI,InterestIncomeNOI,EquityInEarningsOfAffiliatesNOI,ForeignExchangeGainsNOI,OtherNOI,NonOperatingExpenses,InterestExpensesNOE,ForeignExchangeLossesNOE,OtherNOE,OrdinaryRevenueELE,OrdinaryExpensesELE,OrdinaryIncome,ProvisionOrReversalOfReserveForPreparationOfTheDepreciationOfNuclearPowerConstructionELE,ProvisionOfReserveForPreparationOfTheDepreciationOfNuclearPowerConstructionELE,ExtraordinaryIncome,GrantsInAidFromNuclearDamageCompensationFacilitationCorporationEIELE,GainOnSalesOfNoncurrentAssetsEI,GainOnRevisionOfRetirementBenefitPlanEI,GainOnChangeInEquityEI,ExtraordinaryLoss,CompensationForNuclearPowerRelatedDamagesELELE,LossRelatedToInterimStorageProjectOfSpentFuelEL,ImpairmentLossEL,IncomeBeforeIncomeTaxes,IncomeTaxesCurrent,IncomeTaxesDeferred,IncomeTaxes,ProfitLoss,ProfitLossAttributableToNonControllingInterests,ProfitLossAttributableToOwnersOfParent,ValuationDifferenceOnAvailableForSaleSecuritiesNetOfTaxOCI,DeferredGainsOrLossesOnHedgesNetOfTaxOCI,ForeignCurrencyTranslationAdjustmentNetOfTaxOCI,RemeasurementsOfDefinedBenefitPlansNetOfTaxOCI,ShareOfOtherComprehensiveIncomeOfAssociatesAccountedForUsingEquityMethodOCI,OtherComprehensiveIncome,ComprehensiveIncome,ComprehensiveIncomeAttributableToOwnersOfTheParent,ComprehensiveIncomeAttributableToNonControllingInterests,PurchaseOfTreasuryStock,DisposalOfTreasuryStock,ReversalOfRevaluationReserveForLand,Other,TotalChangesOfItemsDuringThePeriod,NetChangesOfItemsOtherThanShareholdersEquity,ChangeInTreasurySharesOfParentArisingFromTransactionsWithNonControllingShareholders,DepreciationAndAmortizationOpeCF,LossRelatedToInterimStorageProjectOfSpentFuelOpeCF,ImpairmentLossOpeCF,DecommissioningCostsOfNuclearPowerUnitsOpeCFELE,LossOnRetirementOfNoncurrentAssetsOpeCF,IncreaseDecreaseInProvisionForReprocessingOfIrradiatedNuclearFuelOpeCFELE,IncreaseDecreaseInProvisionForOtherReprocessingOfIrradiatedNuclearFuelOpeCFELE,IncreaseDecreaseInProvisionForLossOnDisasterOpeCF,IncreaseDecreaseInNetDefinedBenefitLiabilityOpeCF,InterestAndDividendsIncomeOpeCF,InterestExpensesOpeCF,EquityInEarningsLossesOfAffiliatesOpeCF,GrantsInAidFromNuclearDamageLiabilityAndNuclearReactorDecommissionFacilitationFundOpeCF,CompensationForNuclearPowerRelatedDamagesOpeCFELE,GainOnSalesOfNoncurrentAssetsOpeCF,LossGainOnChangeInEquityOpeCF,DecreaseIncreaseInReserveFundForReprocessingOfIrradiatedNuclearFuelOpeCFELE,DecreaseIncreaseInNotesAndAccountsReceivableTradeOpeCF,IncreaseDecreaseInNotesAndAccountsPayableTradeOpeCF,OtherNetOpeCF,SubtotalOpeCF,InterestAndDividendsIncomeReceivedOpeCFInvCF,InterestExpensesPaidOpeCFFinCF,PaymentsForExtraordinaryLossOnTheTohokuChihouTaiheiyouOkiEarthquakeOpeCF,GrantsInAidFromNuclearDamageLiabilityAndNuclearReactorDecommissionFacilitationFundReceivedOpeCF,GrantsInAidFromNuclearDamageCompensationFacilitationCorporationReceivedOpeCF,CompensationForNuclearPowerRelatedDamagesPaidOpeCFELE,IncomeTaxesPaidOpeCF,NetCashProvidedByUsedInOperatingActivities,PurchaseOfNoncurrentAssetsInvCF,ProceedsFromSalesOfNoncurrentAssetsInvCF,ProceedsFromContributionReceivedForConstructionInvCF,PaymentsOfInvestmentAndLoansReceivableInvCF,CollectionOfInvestmentAndLoansReceivableInvCF,PaymentsIntoTimeDepositsInvCF,ProceedsFromWithdrawalOfTimeDepositsInvCF,OtherNetInvCF,NetCashProvidedByUsedInInvestmentActivities,ProceedsFromIssuanceOfBondsFinCF,RedemptionOfBondsFinCF,ProceedsFromLongTermLoansPayableFinCF,RepaymentOfLongTermLoansPayableFinCF,IncreaseInShortTermLoansPayableFinCF,DecreaseInShortTermLoansPayableFinCF,OtherNetFinCF,NetCashProvidedByUsedInFinancingActivities,EffectOfExchangeRateChangeOnCashAndCashEquivalents,NetIncreaseDecreaseInCashAndCashEquivalents,DecreaseInCashAndCashEquivalentsDueToChangeInScopeOfConsolidation,SalariesAndAllowancesSGA,EmployeesRetirementBenefitExpensesSGAELE,BusinessConsignmentExpensesSGA,ResearchAndDevelopmentExpensesIncludedInGeneralAndAdministrativeExpensesAndManufacturingCostForCurrentPeriod,RevenuesFromExternalCustomers,TransactionsWithOtherSegments,NetSales,DepreciationSegmentInformation,IncreaseInPropertyPlantAndEquipmentAndIntangibleAssets,ResidentialORElectricELE,CommercialAndIndustrialORElectricELE,SoldPowerToOtherUtilitiesORElectricELE,SoldPowerToOtherSuppliersORElectricELE,TransmissionRevenueORElectricELE,SettlementRevenueAmongUtilitiesORElectricELE,GrantUnderActOnPurchaseOfRenewableEnergySourcedElectricityORElectricELE,OtherElectricityRevenueORElectricELE,RevenueFromLoanedFacilitiesORElectricELE,IncidentalBusinessOperatingRevenueELE,OperatingRevenueEnergyFacilitiesServiceBusinessORIncidentalELE,OperatingRevenueRealEstateRentBusinessORIncidentalELE,OperatingRevenueGasSupplyBusinessORIncidentalELE,OperatingRevenueOtherBusinessesORIncidentalELE,HydroelectricPowerProductionExpensesELE,ThermalPowerProductionExpensesOEElectricELE,NuclearPowerProductionExpensesELE,InternalCombustionEnginePowerProductionExpensesOEElectricELE,RenewablePowerProductionExpensesOEElectricELE,PurchasedPowerFromOtherUtilitiesOEElectricELE,PurchasedPowerFromOtherSuppliersOEElectricELE,TransmissionExpensesOEElectricELE,TransformationExpensesOEElectricELE,DistributionExpensesOEElectricELE,SellingExpensesOEElectricELE,CostOfLoanedFacilitiesOEElectricELE,GeneralAndAdministrativeExpensesOEElectricELE,LevyUnderActOnPurchaseOfRenewableEnergySourcedElectricityOEElectricELE,ElectricPowerDevelopmentPromotionTaxOEElectricELE,EnterpriseTaxOEElectricELE,TransferredCostOfElectricityForConstructionAndIncidentalBusinessOEElectricELE,IncidentalBusinessOperatingExpensesELE,OperatingExpensesEnergyFacilitiesServiceBusinessOEIncidentalELE,OperatingExpensesRealEstateRentBusinessOEIncidentalELE,OperatingExpensesGasSupplyBusinessOEElectricELE,OperatingExpensesOtherBusinessesOEIncidentalELE,FinancialRevenueNORELE,NonOperatingRevenueNORELE,GainOnSalesOfNoncurrentAssetsNOIELE,MiscellaneousRevenueNORELE,FinancialExpensesNOEELE,StockIssuanceCostNOE,BondIssuanceCostNOE,NonOperatingExpensesNOEELE,LossOnSalesOfNoncurrentAssetsNOEELE,MiscellaneousExpensesNOEELE,ProvisionOfReserveForOverseasInvestmentLoss,ProvisionOfReserveForSpecialDisasterELE,ReversalOfReserveForOverseasInvestmentLoss,ExtraordinaryLossOnDisasterEL,DividendIncome,EquityInEarningsLossesOfAffiliates,InvestmentsInEntitiesAccountedForUsingEquityMethod,RevenueFromContractsToRecoverBackEndCostsRelatedToPastYearsPowerGenerationORElectricELE,OperatingRevenueConsultingBusinessORIncidentalELE,OperatingExpensesConsultingBusinessOEIncidentalELE,DecreaseByCorporateDivisionsplitoffType,ProvisionOrReversalOfReserveForFluctuationInWaterLevelsELE,ProvisionOfReserveForFluctuationInWaterLevelsELE,ChangeOfScopeOfEquityMethod,IncreaseDecreaseInProvisionForPreparationOfRemovalOfReactorCoresInSpecifiedNuclearPowerFacilitiesOpeCFELE,IncomeTaxesPaidRefundOpeCF,ContributionReceivedForNuclearReactorDecommissionORElectricELE,LossOnValuationOfSecuritiesEL,ResearchAndDevelopmentExpensesResearchAndDevelopmentActivities,CapitalExpendituresOverviewOfCapitalExpendituresEtc,AuditFeesReportingCompany,NonAuditFeesReportingCompany,AuditFeesConsolidatedSubsidiaries,NonAuditFeesConsolidatedSubsidiaries,AuditFeesTotal,NonAuditFeesTotal,TotalAmountOfRemunerationEtcRemunerationEtcByCategoryOfDirectorsAndOtherOfficers,FixedRemunerationRemunerationEtcByCategoryOfDirectorsAndOtherOfficers,NumberOfDirectorsAndOtherOfficersRemunerationEtcByCategoryOfDirectorsAndOtherOfficers,PerformanceBasedRemunerationRemunerationEtcByCategoryOfDirectorsAndOtherOfficers,TotalSalesAmountForDecreasedSharesEquitySecuritiesNotListedInvestmentEquitySecuritiesHeldForPurposesOtherThanPureInvestmentReportingCompany,TotalAcquisitionCostForIncreasedSharesEquitySecuritiesNotListedInvestmentEquitySecuritiesHeldForPurposesOtherThanPureInvestmentLargestHoldingCompany,TotalSalesAmountForDecreasedSharesEquitySecuritiesNotListedInvestmentEquitySecuritiesHeldForPurposesOtherThanPureInvestmentLargestHoldingCompany,ReversalOfReserveForFluctuationInWaterLevelsELE,IncreaseDecreaseInReserveFundForNuclearReactorDecommissioningOpeCFELE,ProceedsFromShareIssuanceToNonControllingShareholdersFinCF,ExpensesForThirdPartysPowerTransmissionServiceOEElectricELE,OperatingExpensesSharedOfficeBusinessOEIncidentalELE,NonAuditFeesReportingCompanyNetworkFirms,AuditFeesConsolidatedSubsidiariesNetworkFirms,NonAuditFeesConsolidatedSubsidiariesNetworkFirms,AuditFeesTotalNetworkFirms,NonAuditFeesTotalNetworkFirms,FixedRemunerationRemunerationByCategoryOfDirectorsAndOtherOfficers,PerformanceBasedRemunerationRemunerationByCategoryOfDirectorsAndOtherOfficers,NumberOfIssuesWhoseNumberOfSharesIncreasedSharesNotListedInvestmentSharesHeldForPurposesOtherThanPureInvestmentReportingCompany,TotalAcquisitionCostForIncreasedSharesSharesNotListedInvestmentSharesHeldForPurposesOtherThanPureInvestmentReportingCompany,NumberOfIssuesWhoseNumberOfSharesDecreasedSharesNotListedInvestmentSharesHeldForPurposesOtherThanPureInvestmentReportingCompany,TotalSaleAmountForDecreasedSharesSharesNotListedInvestmentSharesHeldForPurposesOtherThanPureInvestmentReportingCompany,NumberOfIssuesWhoseNumberOfSharesIncreasedSharesNotListedInvestmentSharesHeldForPurposesOtherThanPureInvestmentLargestHoldingCompany,TotalAcquisitionCostForIncreasedSharesSharesNotListedInvestmentSharesHeldForPurposesOtherThanPureInvestmentLargestHoldingCompany,GainOnReversalOfProvisionForLossOnDisasterEI,ContingentLossELELE,LossOnDecommissioningOfTEPCOFukushimaDainiNuclearPowerStationEL,GainOnReversalOfProvisionForLossOnDisasterOpeCF,LossOnDecommissioningOfTEPCOFukushimaDainiNuclearPowerStationOpeCF,LossOnDecommissioningOfTEPCOFukushimaDainiNuclearPowerStationSegmentInformation,OperatingRevenueSharedOfficeBusinessOEIncidentalELE,IncreaseDecreaseInAccruedExpensesOpeCF,BadDebtsExpensesSGA,RevenueEquivalentToContributionForNuclearDamageCompensationORElectricELE,RevenueEquivalentToContributionForFacilitatingNuclearReactorDecommissioningORElectricELE,AmortizationOfSuspenseAccountRelatedToNuclearPowerDecommissioningOEElectricELE,SettlementReceivedEI,LossOnReturnOfImbalanceIncomeAndExpenditureELELE,LossOnReturnOfImbalanceIncomeAndExpenditureOpeCFELE,BaseRemunerationRemunerationEtcByCategoryOfDirectorsAndOtherOfficers,NumberOfIssuesWhoseNumberOfSharesDecreasedSharesNotListedInvestmentSharesHeldForPurposesOtherThanPureInvestmentSecondLargestHoldingCompany,TotalSaleAmountForDecreasedSharesSharesNotListedInvestmentSharesHeldForPurposesOtherThanPureInvestmentSecondLargestHoldingCompany,EquityInLossesOfAffiliatesNOE,ReversalOfReserveForPreparationOfTheDepreciationOfNuclearPowerConstructionELE,GainOnSalesOfSubsidiariesAndAffiliatesStocksEI,GainOnSalesOfNonCurrentAssetsOpeCF,GainOnSalesOfSubsidiariesAndAffiliatesStocksOpeCF,PurchaseOfInvestmentsInSubsidiariesResultingInChangeInScopeOfConsolidationInvCF,ProceedsFromIssuanceOfCommercialPapersFinCF,RedemptionOfCommercialPapersFinCF,GainOnSalesOfSecuritiesEI,NumberOfIssuesWhoseNumberOfSharesIncreasedSharesNotListedInvestmentSharesHeldForPurposesOtherThanPureInvestmentSecondLargestHoldingCompany,TotalAcquisitionCostForIncreasedSharesSharesNotListedInvestmentSharesHeldForPurposesOtherThanPureInvestmentSecondLargestHoldingCompany,DecreaseIncreaseInReserveFundForNuclearReactorDecommissioningOpeCFELE,IncomeTaxesRefundOpeCF,VariousExpensesSGA,IncreaseDecreaseInNetDefinedBenefitAssetOpeCF,IncreaseDecreaseInCashAndCashEquivalentsResultingFromChangeOfScopeOfConsolidationCCE
2015,2016-03-31,E04498,5896978.0,327503.0,140783.0,121494.0,-487.76,91.49,-1.022,7.05,1077508.0,-620900.0,-394300.0,143637.0,5896978.0,5791368.0,278560.0,5556234.0,5469764.0,234236.0,340744.0,102211.0,63084.0,16931.0,22945.0,7698.0,16151.0,115452.0,87252.0,35604.0,30412.0,5999190.0,5671686.0,327503.0,411.0,411.0,760819.0,699767.0,15120.0,61051.0,12214.0,911519.0,678661.0,20318.0,232857.0,176391.0,32754.0,-1725.0,32754.0,143637.0,1506.0,140783.0,-1482.0,64.0,-4416.0,-7814.0,-7145.0,-20795.0,121494.0,120043.0,1451.0,-31.0,3.0,-347.0,-8.0,142559.0,-1048.0,-480.0,621953.0,20318.0,233331.0,22914.0,26031.0,-72066.0,2826.0,-6160.0,-45219.0,-24358.0,87035.0,-22945.0,-699767.0,678661.0,-19242.0,-12214.0,67363.0,58216.0,-61000.0,227550.0,1268758.0,23859.0,-90109.0,-56533.0,1212700.0,68926.0,-1250440.0,-30725.0,1077508.0,-645935.0,7256.0,11430.0,-22794.0,20960.0,-161824.0,169331.0,674.0,-620900.0,17714.0,-438100.0,38950.0,-319757.0,998051.0,-682056.0,-9103.0,-394300.0,-827.0,61480.0,-14047.0,92956.0,43326.0,95892.0,20327.0,6069928.0,-4763275.0,6069928.0,621953.0,665735.0,2295394.0,2941705.0,122640.0,59589.0,98612.0,347.0,214630.0,57552.0,894.0,105610.0,2956.0,7378.0,90670.0,4605.0,79210.0,2006712.0,606312.0,10472.0,1720.0,189988.0,787073.0,324840.0,169602.0,418522.0,155918.0,749.0,226450.0,331239.0,101802.0,59385.0,-237.0,86469.0,1750.0,3591.0,78184.0,2943.0,80015.0,22195.0,3986.0,18208.0,87260.0,0.0,7.0,28192.0,405.0,27787.0,-3.0,-20.0,73.0,,,,,,,,,,,,,,,,,,,,,,,,,,,,,,,,,,,,,,,,,,,,,,,,,,,,,,,,,,,,,,,,,,,,,,,,,,,,,,,,,,
2016,2017-03-31,E04498,798637.0,5873.0,132810.0,145398.0,-432.89,91.49,-1.022,7.05,783038.0,-478471.0,-603955.0,-40091.0,798637.0,797859.0,262696.0,833122.0,832266.0,236812.0,-34485.0,131895.0,50384.0,74582.0,26186.0,,16390.0,91535.0,81226.0,,17761.0,930532.0,924658.0,5873.0,505.0,505.0,294234.0,294234.0,,61051.0,36459.0,411342.0,392006.0,,232857.0,-111738.0,-71647.0,-2002.0,-71647.0,-40091.0,309.0,132810.0,1463.0,4.0,-17787.0,2809.0,25787.0,12277.0,145398.0,147173.0,-1775.0,-14.0,2.0,-209.0,-8.0,-37710.0,2394.0,-480.0,564276.0,,233331.0,17869.0,22752.0,-38657.0,1469.0,19025.0,3604.0,-12686.0,75588.0,-26186.0,-294234.0,392006.0,,-36459.0,55683.0,-26138.0,-52767.0,102174.0,913790.0,18749.0,-62641.0,-29995.0,1141800.0,,-1161778.0,-36887.0,783038.0,-562242.0,,18832.0,-23934.0,4189.0,-20323.0,77577.0,27427.0,-478471.0,492150.0,-766838.0,34977.0,-727454.0,1976554.0,-1609626.0,-3718.0,-603955.0,-3686.0,-303075.0,-96590.0,91031.0,14544.0,94149.0,17254.0,5357734.0,-4022551.0,5357734.0,564276.0,568626.0,2295394.0,2941705.0,122640.0,627683.0,98612.0,347.0,214630.0,139197.0,15.0,777.0,2956.0,7378.0,90670.0,2972.0,65763.0,2006712.0,603761.0,10472.0,1598.0,189988.0,787073.0,324840.0,169602.0,418522.0,2.0,2.0,150731.0,331239.0,101802.0,10406.0,-237.0,856.0,1750.0,3591.0,78184.0,2280.0,124966.0,6928.0,11.0,6917.0,81242.0,0.0,15.0,10293.0,26.0,10267.0,-3.0,-12.0,74.0,19335.0,2531.0,26186.0,791467.0,30963.0,777.0,856.0,21.0,,,,,,,,,,,,,,,,,,,,,,,,,,,,,,,,,,,,,,,,,,,,,,,,,,,,,,,,,,,,,,,,,,,,,,,,,,
2017,2018-03-31,E04498,840235.0,119176.0,318077.0,331597.0,281.8,91.49,0.387,7.05,752183.0,-520593.0,12538.0,207731.0,840235.0,839488.0,396634.0,835826.0,835073.0,374036.0,4408.0,179443.0,129970.0,47712.0,38052.0,,8332.0,64675.0,60739.0,,18997.0,1019679.0,900502.0,119176.0,287.0,287.0,381987.0,381987.0,,,36459.0,326692.0,286859.0,,,174184.0,-33546.0,-11330.0,-33546.0,207731.0,187.0,318077.0,2129.0,4.0,875.0,12187.0,-1860.0,13332.0,331597.0,331409.0,187.0,-15.0,2.0,-9.0,0.0,208563.0,846.0,,561257.0,,,16927.0,25442.0,-38657.0,1469.0,9554.0,342.0,-2251.0,63247.0,-38052.0,-381987.0,286859.0,,-36459.0,55683.0,-76145.0,33961.0,75212.0,904115.0,6594.0,-64822.0,-32944.0,893900.0,,-957821.0,,752183.0,-562006.0,,22328.0,-10077.0,155.0,,,29006.0,-520593.0,523639.0,-1499805.0,498289.0,-226315.0,3939019.0,-3217974.0,-4313.0,12538.0,12.0,244140.0,-96590.0,83274.0,22836.0,84472.0,19848.0,5850939.0,-4209779.0,5850939.0,561257.0,602710.0,,,,552537.0,,,,129138.0,14.0,747.0,,,,,64116.0,,633434.0,,1499.0,,,,,,1.0,4.0,126949.0,,0.0,9067.0,-0.0,753.0,,,,,177683.0,1759.0,23.0,1736.0,60788.0,0.0,49.0,3886.0,26.0,3885.0,,-12.0,74.0,21302.0,646.0,38052.0,826808.0,30963.0,747.0,753.0,21.0,581.0,581.0,-2888.0,1929.0,3160.0,126834.0,18530.0,,,,,,,,,,,,,,,,,,,,,,,,,,,,,,,,,,,,,,,,,,,,,,,,,,,,,,,,,,,,,,,,,,,
2018,2019-03-31,E04498,820775.0,215411.0,232414.0,225212.0,281.8,91.49,0.296,7.05,503709.0,-570837.0,-117698.0,209085.0,820775.0,820438.0,305761.0,730113.0,729792.0,291176.0,90661.0,183678.0,151245.0,31200.0,25048.0,,11556.0,58928.0,45658.0,,18305.0,1004453.0,789041.0,215411.0,292.0,292.0,159806.0,159806.0,,,,182992.0,151069.0,,,191933.0,-17151.0,198.0,-17151.0,209085.0,138.0,232414.0,-3799.0,,-2112.0,-6140.0,4712.0,-7340.0,225212.0,225074.0,138.0,-16.0,1.0,70.0,0.0,208344.0,-724.0,12978.0,541805.0,,,43230.0,30319.0,,,27365.0,-13015.0,-1527.0,55541.0,-25048.0,-159806.0,151069.0,,,,-30396.0,60064.0,-137583.0,605366.0,5513.0,-62378.0,-19613.0,797000.0,,-799122.0,,503709.0,-619566.0,,17670.0,-7751.0,2186.0,,,36623.0,-570837.0,959106.0,-1234634.0,498289.0,-1049209.0,6128876.0,-4937578.0,-5537.0,-117698.0,-194.0,-185021.0,,80836.0,12416.0,83062.0,18670.0,6338490.0,-4293530.0,6338490.0,541805.0,639725.0,,,,542485.0,,,,106104.0,14.0,336.0,,,,,61924.0,,534367.0,,2159.0,,508.0,,,,1.0,4.0,121295.0,7.0,,8738.0,-0.0,320.0,,,,,182446.0,1231.0,15.0,1216.0,45831.0,0.0,173.0,13096.0,99.0,12997.0,,-12.0,74.0,31922.0,1103.0,25048.0,856105.0,30963.0,336.0,262.0,,-581.0,581.0,-2888.0,4721.0,-23055.0,140871.0,18530.0,1237.0,642838.0,164.0,5.0,250.0,7.0,415.0,12.0,69.0,69.0,15.0,66.0,2.0,524.0,19.0,-581.0,-200000.0,21277.0,786.0,57.0,,,,,,,,,,,,,,,,,,,,,,,,,,,,,,,,,,,,,,,,,,,,,,,
2019,2020-03-31,E04498,704125.0,135865.0,50703.0,11884.0,198.52,64.32,0.127,11.91,323493.0,-508253.0,13591.0,-209178.0,704125.0,703952.0,363283.0,690269.0,689908.0,333825.0,13855.0,160564.0,141249.0,17715.0,99796.0,,6265.0,38554.0,33768.0,,11277.0,864689.0,728824.0,135865.0,383.0,383.0,215225.0,101699.0,,,199717.0,587838.0,107915.0,,10200.0,-237130.0,-27952.0,-1209.0,-27952.0,-209178.0,888.0,50703.0,1722.0,,580.0,-17816.0,-24192.0,-39706.0,11884.0,10996.0,887.0,-12.0,2.0,108.0,4.0,-209682.0,-492.0,12978.0,422495.0,,10510.0,35535.0,24258.0,,,210457.0,-4930.0,-1392.0,43985.0,-99796.0,-101699.0,107915.0,,-199717.0,,57268.0,63517.0,-187063.0,409389.0,4907.0,-42934.0,-23347.0,520000.0,,-521408.0,-23111.0,323493.0,-554856.0,,22178.0,-5913.0,2659.0,,,27678.0,-508253.0,879635.0,-623516.0,,-433951.0,4088132.0,-3892332.0,-4376.0,13591.0,45.0,-171122.0,-16096.0,79833.0,23558.0,103160.0,17905.0,6241422.0,-2017929.0,6241422.0,422495.0,524462.0,,,,450786.0,,,,98872.0,14.0,173.0,,,,,63258.0,,506399.0,,1780.0,,2771.0,,,,3.0,5.0,108288.0,7.0,,6814.0,-0.0,360.0,,,,,158964.0,1599.0,4.0,1595.0,33859.0,0.0,91.0,4695.0,80.0,4614.0,,-13.0,74.0,374071.0,1049.0,99796.0,1263206.0,30963.0,160.0,162.0,,-581.0,,,166812.0,,123315.0,,1040.0,526796.0,150.0,5.0,215.0,8.0,365.0,13.0,71.0,,16.0,,,,,-581.0,-190150.0,,580.0,198.0,190.0,1.0,96.0,1.0,286.0,71.0,67.0,1.0,15.0,1.0,50.0,1.0,9.0,113526.0,321.0,95651.0,-113526.0,95651.0,45621.0,12.0,,,,,,,,,,,,,,,,,,,,,,,,,,,
2020,2021-03-31,E04498,487783.0,-22603.0,180896.0,225907.0,198.52,64.32,0.127,16.31,239825.0,-577215.0,-20340.0,36281.0,487783.0,486661.0,352639.0,589429.0,588148.0,314076.0,-101645.0,112859.0,99086.0,11972.0,100635.0,,6682.0,33817.0,26580.0,,19098.0,600643.0,623246.0,-22603.0,870.0,870.0,142180.0,142180.0,,,199717.0,140796.0,140796.0,,10200.0,-22090.0,-58371.0,-303.0,-58371.0,36281.0,888.0,180896.0,3646.0,,-482.0,29962.0,10997.0,44123.0,225907.0,225019.0,888.0,-7.0,3.0,12.0,1.0,37081.0,806.0,101.0,412039.0,,10510.0,37459.0,24347.0,,,2545.0,-10434.0,-882.0,42681.0,-100635.0,-142180.0,140796.0,,-199717.0,,-114202.0,-5766.0,28435.0,300164.0,16490.0,-42157.0,-28465.0,521400.0,,-521273.0,-6333.0,239825.0,-599859.0,,19017.0,-11287.0,1081.0,,,13833.0,-577215.0,957489.0,-468635.0,,-511664.0,4021210.0,-4026090.0,7348.0,-20340.0,-104.0,-357835.0,-16096.0,81379.0,13238.0,114152.0,17613.0,5866824.0,-1947939.0,5866824.0,412039.0,608857.0,,,,234414.0,,,,104509.0,5.0,1121.0,,,,,63258.0,,477705.0,,1780.0,,26.0,,,,1.0,5.0,103549.0,7.0,,3901.0,-0.0,1280.0,,,,,111059.0,1800.0,7.0,1793.0,26634.0,0.0,53.0,7183.0,80.0,7183.0,,-13.0,74.0,374071.0,421.0,100635.0,1364937.0,30963.0,951.0,933.0,,,,,166812.0,,134576.0,,457.0,611286.0,166.0,17.0,275.0,7.0,441.0,25.0,71.0,,14.0,,,,,,-94849.0,,580.0,346.0,164.0,6.0,134.0,6.0,299.0,71.0,112.0,,,1.0,4.0,,,113526.0,321.0,95651.0,-113526.0,95651.0,45621.0,170.0,-109583.0,20639.0,9513.0,3641.0,2963.0,,,,,,,,,,,,,,,,,,,,,,
2021,2022-03-31,E04498,479007.0,96891.0,5640.0,70201.0,198.52,64.32,0.127,114.49,406493.0,-559791.0,560596.0,120643.0,479007.0,478279.0,468344.0,557389.0,556638.0,427002.0,-78382.0,210827.0,198279.0,10275.0,39273.0,,16898.0,35553.0,25992.0,,21149.0,689835.0,592943.0,96891.0,1041.0,1041.0,116607.0,116607.0,,,,117793.0,117793.0,,,94664.0,-25979.0,-467.0,-25979.0,120643.0,860.0,5640.0,-680.0,,2813.0,-9080.0,70647.0,63700.0,70201.0,69341.0,860.0,-7.0,1.0,13.0,1.0,121274.0,638.0,28.0,419203.0,,,39195.0,28281.0,,,7100.0,-8686.0,-1137.0,44622.0,-39273.0,-116607.0,117793.0,,,,-69030.0,163053.0,-43013.0,470906.0,18952.0,-43942.0,-16281.0,410100.0,,-406553.0,-26686.0,406493.0,-551904.0,,22739.0,-33821.0,1401.0,,,1793.0,-559791.0,745001.0,-351467.0,,-46497.0,4402840.0,-4200387.0,11107.0,560596.0,218.0,407517.0,,80907.0,13755.0,118476.0,18160.0,5309924.0,-1791433.0,5309924.0,419203.0,566056.0,,,,217393.0,,,,106137.0,5.0,727.0,,,,,,,442895.0,,,,23.0,,,,-2.0,0.0,100323.0,,,3929.0,,751.0,55.0,,,,208554.0,2272.0,7.0,2272.0,26048.0,0.0,56.0,9504.0,16.0,9487.0,,-13.0,,12824.0,773.0,39273.0,1457160.0,,127.0,99.0,,,,,,,122113.0,,630.0,568028.0,208.0,4.0,347.0,27.0,556.0,31.0,74.0,,17.0,,,,,,-100513.0,,,596.0,60.0,8.0,150.0,8.0,211.0,74.0,108.0,,,1.0,2.0,,,,,,,,,599.0,,-5112.0,19965.0,12664.0,9467.0,7200.0,15841.0,15841.0,,,,,,,,,,,,,,,,,,,
2022,2023-03-31,E04498,478601.0,51465.0,-123631.0,-85709.0,145.06,46.96,0.101,114.49,-75673.0,-388842.0,319984.0,193797.0,478601.0,477418.0,666584.0,527778.0,526425.0,623675.0,-49176.0,138967.0,127586.0,10421.0,36549.0,,9826.0,38326.0,27088.0,,17773.0,617569.0,566104.0,51465.0,-9485.0,1041.0,672712.0,507491.0,62739.0,,,529564.0,507350.0,,,204098.0,10300.0,2408.0,10300.0,193797.0,601.0,-123631.0,-80.0,,2990.0,-21697.0,56108.0,37320.0,-85709.0,-86308.0,599.0,-12.0,1.0,292.0,0.0,193069.0,-717.0,28.0,341145.0,,,41341.0,24194.0,,,12767.0,-4639.0,-949.0,48282.0,1142.0,-507491.0,507350.0,,,,-119387.0,114956.0,-164575.0,-46964.0,25415.0,-46967.0,-16848.0,310000.0,,-305149.0,,-75673.0,-631143.0,63653.0,24591.0,-17555.0,195442.0,,,-5329.0,-388842.0,774506.0,-475835.0,5138.0,-23765.0,4379165.0,-4366662.0,5437.0,319984.0,62.0,-144468.0,,81250.0,12390.0,121092.0,19735.0,7798696.0,-1886565.0,7798696.0,341145.0,637720.0,,,,212529.0,,,,106383.0,5.0,1183.0,208.0,,,,,,406959.0,,,,30.0,,,,-2.0,0.0,102136.0,,,4532.0,,1353.0,393.0,,,,138007.0,960.0,30.0,930.0,27140.0,0.0,52.0,11185.0,16.0,11185.0,,-2.0,,22214.0,670.0,-1142.0,1392255.0,,128.0,99.0,,,,,9168.0,4840.0,121291.0,,924.0,640580.0,218.0,3.0,332.0,20.0,550.0,24.0,80.0,,18.0,,,,,,-52290.0,,,860.0,65.0,7.0,163.0,7.0,228.0,,123.0,1.0,1308.0,1.0,,,,,,,,,,846.0,,6999.0,19682.0,17525.0,12765.0,7200.0,15841.0,15841.0,80.0,2.0,5.0,1142.0,-9485.0,123331.0,-62739.0,-123331.0,-18501.0,42000.0,-20000.0,165221.0,,,,,,,
2023,2024-03-31,E04498,543194.0,-142432.0,267850.0,417549.0,167.18,54.27,-0.101,114.49,673017.0,-698790.0,541499.0,-162546.0,543194.0,541062.0,588774.0,819208.0,816708.0,547154.0,-276014.0,179092.0,163975.0,14097.0,202181.0,,27426.0,45510.0,33319.0,,26547.0,722286.0,864719.0,-142432.0,-9485.0,,138900.0,138900.0,62739.0,,,262080.0,151117.0,,,-265612.0,-103065.0,-2200.0,-103065.0,-162546.0,1757.0,267850.0,2457.0,,5729.0,30702.0,109052.0,147942.0,417549.0,415793.0,1756.0,-20.0,1.0,137.0,-5.0,-162080.0,486.0,97.0,358207.0,,,43589.0,27308.0,,,99748.0,-9092.0,-1567.0,57959.0,-202181.0,-138900.0,151117.0,,,,78805.0,-186975.0,-104949.0,711584.0,5435.0,-56337.0,-20402.0,556300.0,,-542213.0,,673017.0,-704838.0,,19305.0,-18694.0,9045.0,,,-3608.0,-698790.0,662606.0,-513835.0,894.0,-57102.0,5706174.0,-5253133.0,-2104.0,541499.0,2045.0,517771.0,,83007.0,13123.0,135416.0,21071.0,6918389.0,-1901648.0,6918389.0,358207.0,765142.0,,,,242677.0,,,,133043.0,5.0,2131.0,1161.0,,,,,,687243.0,,,,46.0,,,,-0.0,0.0,112113.0,,,4538.0,,2500.0,1347.0,,,,178072.0,1020.0,30.0,1019.0,33370.0,0.0,50.0,12139.0,69.0,12070.0,,-2.0,,110963.0,657.0,202181.0,1703875.0,,70.0,74.0,,,,,11277.0,,124269.0,,2742.0,769052.0,202.0,5.0,361.0,8.0,564.0,14.0,87.0,,16.0,,,,,,,,,1077.0,81.0,11.0,193.0,11.0,274.0,,182.0,,,,,,,,,,,,,900.0,260262.0,,21788.0,19278.0,12765.0,,,,87.0,,,1142.0,-9485.0,123331.0,-62739.0,-123331.0,-18501.0,90000.0,-92000.0,165221.0,2.0,17.0,-35368.0,18651.0,40548.0,,
2024,2025-03-31,E04498,617075.0,-71365.0,161278.0,248641.0,167.18,54.27,0.087,114.49,361249.0,-859209.0,194169.0,-63157.0,617075.0,615402.0,592732.0,800581.0,798669.0,550049.0,-183506.0,172484.0,151781.0,16714.0,100228.0,,28338.0,60342.0,41930.0,,42611.0,789559.0,860924.0,-71365.0,,,87307.0,87307.0,,,,143010.0,80328.0,,,-127067.0,-63910.0,1084.0,-63910.0,-63157.0,568.0,161278.0,-804.0,305.0,5344.0,34241.0,47706.0,86794.0,248641.0,248074.0,566.0,-21.0,1.0,137.0,-1.0,-62214.0,964.0,97.0,367517.0,,,43589.0,27542.0,,,33218.0,-35650.0,-3657.0,69621.0,-100228.0,-87307.0,80328.0,,,,-30434.0,96145.0,80112.0,482339.0,10976.0,-67508.0,-21478.0,263700.0,,-291713.0,,361249.0,-833323.0,,16023.0,-38516.0,6970.0,,,-10362.0,-859209.0,471331.0,-487498.0,15317.0,-28196.0,5492674.0,-5261051.0,-13408.0,194169.0,1690.0,-302101.0,,87916.0,-14924.0,148986.0,20325.0,6810391.0,-2106896.0,6810391.0,367517.0,867481.0,,,,299568.0,,,,153853.0,5.0,1672.0,524.0,,,,,,661928.0,,,,168.0,,,,12.0,0.0,108279.0,,,5267.0,,1912.0,693.0,,,,168496.0,3988.0,1.0,3986.0,41935.0,0.0,4.0,18407.0,23.0,18384.0,,0.0,,62681.0,701.0,100228.0,1850763.0,,102.0,70.0,,,,,29112.0,-15067.0,120128.0,,726.0,873106.0,182.0,6.0,339.0,13.0,521.0,19.0,92.0,,18.0,,,,,,,,3564.0,1149.0,112.0,7.0,60.0,7.0,172.0,,164.0,,,4.0,0.0,,,,,,,,,1046.0,-152188.0,5603.0,22202.0,19644.0,19448.0,,,,92.0,,,,,,,,,255000.0,-250000.0,,2.0,6.0,-39035.0,,43097.0,-51499.0,-6572.0
